Time,Small_count,Small_min,Small_q1,Small_median,Small_q3,Small_max,Small_avg,Small_stddev,Large_count,Large_min,Large_q1,Large_median,Large_q3,Large_max,Large_avg,Large_stddev,Big_count,Big_min,Big_q1,Big_median,Big_q3,Big_max,Big_avg,Big_stddev
2014-02-28 16:18:38 +0100,40,11.0,11.0,11.0,12.0,13.0,11.38,0.82,40,12.0,15.0,22.0,24.0,41.01,20.9,6.55,40,16.0,26.0,28.0,35.75,52.01,30.83,8.27
2014-02-28 16:23:39 +0100,40,8.0,11.0,11.0,11.0,12.0,11.15,0.62,40,14.0,14.75,18.5,24.0,34.0,20.18,6.03,40,17.0,26.0,26.0,31.25,45.0,27.85,6.63
2014-02-28 16:48:43 +0100,40,10.0,11.0,11.0,12.0,13.0,11.5,0.78,40,13.0,17.0,23.0,25.25,45.0,23.03,7.11,40,16.0,24.5,27.0,33.0,45.01,27.9,7.23
2014-02-28 17:18:46 +0100,40,8.0,11.0,11.0,11.0,17.0,11.3,1.13,40,14.0,17.0,23.0,25.0,38.0,22.35,5.62,40,16.0,17.75,23.0,26.0,41.0,23.28,6.2
2014-02-28 17:48:49 +0100,40,11.0,11.0,12.0,12.0,14.0,11.65,0.9,40,14.0,18.0,24.0,26.0,36.0,23.13,5.38,40,20.0,26.0,31.5,37.0,45.0,31.5,6.0
2014-02-28 18:18:32 +0100,40,11.0,11.0,11.0,11.0,15.0,11.18,0.86,40,14.0,14.0,16.0,18.75,26.0,17.33,3.83,40,16.0,17.0,20.5,27.25,45.0,22.95,7.18
2014-02-28 18:48:32 +0100,40,11.0,11.0,11.0,11.0,12.0,11.03,0.55,40,13.0,14.0,16.0,18.0,24.0,16.43,2.71,40,16.0,18.0,23.0,26.0,38.0,23.3,5.79
2014-02-28 19:18:51 +0100,40,11.0,11.0,11.0,12.0,14.0,11.48,0.89,40,11.0,16.75,19.0,24.0,35.0,20.8,5.45,40,16.0,25.0,26.0,32.25,41.0,28.05,6.06
2014-02-28 19:48:49 +0100,40,11.0,11.0,12.0,12.0,13.0,11.65,0.84,40,13.0,18.0,24.0,27.0,38.0,23.28,5.9,40,16.0,27.0,33.5,40.0,84.01,36.88,13.75
2014-02-28 20:18:47 +0100,40,11.0,11.0,11.0,11.0,13.0,11.23,0.71,40,12.0,14.0,15.5,18.0,25.0,16.35,2.77,40,16.0,17.75,23.0,26.0,38.0,23.18,5.6
2014-02-28 20:48:46 +0100,40,11.0,11.0,11.0,12.0,16.0,11.55,1.16,40,13.0,14.0,14.0,20.0,28.0,17.0,3.98,40,16.0,17.0,20.0,25.25,37.0,22.08,6.04
2014-02-28 21:18:46 +0100,40,8.0,11.0,11.0,11.0,17.0,11.3,1.26,40,13.0,15.0,18.0,24.0,35.0,19.75,5.48,40,16.0,17.0,19.0,23.0,43.0,21.48,6.26
2014-02-28 21:48:46 +0100,40,11.0,11.0,11.0,12.0,13.0,11.48,0.86,40,14.0,14.0,15.0,19.0,36.0,17.6,4.86,40,16.0,17.0,23.0,26.25,34.0,22.88,5.52
2014-02-28 22:18:43 +0100,40,9.0,11.0,11.0,11.0,18.0,11.65,1.78,40,14.0,14.0,18.5,23.25,31.0,19.78,5.72,40,16.0,23.75,31.5,37.25,48.01,30.93,9.45
2014-02-28 22:48:41 +0100,40,11.0,11.0,11.0,12.0,16.0,11.88,1.79,40,12.0,14.0,15.0,18.5,28.0,17.03,4.31,40,16.0,16.75,21.0,25.5,40.0,22.15,6.5
2014-02-28 23:18:42 +0100,40,8.0,11.0,11.0,11.0,13.0,11.2,0.75,40,13.0,14.0,18.0,24.25,39.0,21.13,7.68,40,16.0,17.75,26.0,29.0,47.01,25.6,7.21
2014-02-28 23:48:40 +0100,40,11.0,11.0,11.0,12.0,13.0,11.5,0.8,40,14.0,14.0,14.5,18.0,31.0,17.15,4.63,40,16.0,17.0,21.5,23.0,38.0,21.73,5.47
2014-03-01 00:48:51 +0100,40,11.0,11.0,11.0,11.0,13.0,11.08,0.64,40,14.0,14.0,16.0,18.5,27.0,17.25,4.02,40,16.0,17.0,23.0,29.25,32.0,23.35,5.49
2014-03-01 01:29:44 +0100,40,11.0,11.0,11.0,11.0,12.0,11.1,0.61,40,13.0,15.0,17.0,18.0,25.0,17.3,3.15,40,16.0,22.0,23.0,30.0,42.01,25.13,6.22
2014-03-01 01:48:38 +0100,40,2.0,11.0,11.0,11.0,15.0,11.08,0.97,40,14.0,17.0,21.5,25.25,33.0,22.05,5.07,40,16.0,22.75,27.5,31.0,38.0,26.85,5.46
2014-03-01 02:18:32 +0100,40,11.0,11.0,11.0,11.0,12.0,11.03,0.55,40,14.0,14.0,17.0,20.0,37.0,18.15,5.19,40,16.0,22.0,23.0,30.0,212.02,33.58,38.8
2014-03-01 02:49:00 +0100,40,11.0,11.0,11.0,11.25,15.0,11.4,0.99,40,14.0,17.0,18.0,24.0,41.0,20.55,6.51,40,16.0,17.0,23.0,27.25,36.0,23.45,5.63
2014-03-01 03:18:36 +0100,40,8.0,11.0,11.0,11.0,21.0,11.3,1.68,40,11.0,14.0,17.0,20.25,39.0,17.8,5.19,40,16.0,23.5,27.0,31.25,49.01,28.05,7.27
2014-03-01 03:48:54 +0100,40,11.0,11.0,11.0,11.0,25.0,11.78,2.63,40,13.0,18.0,20.5,26.0,34.0,22.23,5.34,40,16.0,22.0,27.0,29.0,38.0,25.88,5.18
2014-03-01 04:18:40 +0100,40,2.0,11.0,11.0,11.0,12.0,10.73,1.53,40,14.0,14.0,14.5,18.0,24.0,16.43,3.02,40,16.0,22.0,27.0,31.5,38.0,26.78,7.03
2014-03-01 04:48:33 +0100,40,11.0,11.0,11.0,11.0,12.0,11.03,0.55,40,13.0,14.75,17.0,18.5,32.0,17.7,4.12,40,16.0,20.0,22.0,28.0,29.0,22.43,4.49
2014-03-01 05:18:55 +0100,40,11.0,11.0,11.0,11.0,12.0,11.15,0.64,40,11.0,14.0,19.0,23.0,32.0,19.55,5.38,40,16.0,22.0,23.0,30.25,41.0,25.68,6.03
2014-03-01 05:48:55 +0100,40,11.0,11.0,11.0,11.0,12.0,11.03,0.55,40,13.0,14.0,17.0,17.0,30.0,17.2,4.08,40,16.0,22.0,23.5,29.0,49.01,25.73,6.43
2014-03-01 06:18:36 +0100,40,11.0,11.0,11.0,11.0,12.0,11.08,0.59,40,13.0,17.0,19.0,24.0,37.0,20.13,4.96,40,16.0,20.0,22.0,23.25,39.0,22.65,5.11
2014-03-01 06:48:32 +0100,40,11.01,11.01,11.01,11.01,12.01,11.03,0.55,40,13.01,14.01,17.01,18.01,27.02,17.51,3.51,40,16.01,25.76,29.01,32.01,47.03,28.89,6.26
2014-03-01 07:18:46 +0100,40,11.0,11.0,11.0,11.0,12.0,11.08,0.59,40,13.0,14.0,15.0,18.0,32.0,16.95,4.16,40,16.0,21.5,25.0,32.25,43.01,26.35,7.61
2014-03-01 07:48:41 +0100,40,11.0,11.0,11.0,11.0,12.0,11.05,0.58,40,14.0,17.75,24.0,28.0,51.01,25.13,9.21,40,22.0,30.75,33.5,39.25,52.01,34.8,6.81
2014-03-01 08:18:36 +0100,40,11.0,11.0,11.0,11.0,12.0,11.05,0.58,40,14.0,17.0,21.0,25.25,34.0,21.83,5.93,40,16.0,22.0,22.0,26.0,32.0,23.28,4.39
2014-03-01 08:48:30 +0100,40,11.06,11.06,11.06,11.15,12.17,11.15,0.58,40,13.07,14.07,17.09,18.09,27.14,17.61,4.07,40,16.08,17.84,22.11,28.39,39.2,23.34,5.96
2014-03-01 09:18:46 +0100,40,11.0,11.0,11.0,11.0,14.0,11.18,0.76,40,14.0,20.0,25.0,30.0,39.0,25.33,6.13,40,16.0,22.75,27.0,31.25,51.01,27.95,7.45
2014-03-01 09:48:41 +0100,40,9.0,11.0,11.0,11.0,13.0,11.23,0.73,40,14.0,16.0,17.0,24.0,39.0,20.5,6.36,40,16.0,22.0,22.0,24.0,39.0,23.43,4.7
2014-03-01 10:18:35 +0100,40,9.0,11.0,11.0,11.0,11.0,10.95,0.48,40,13.0,15.0,17.0,18.0,28.0,17.73,3.76,40,16.0,25.25,29.5,32.25,41.0,29.23,6.72
2014-03-01 10:48:33 +0100,40,11.0,11.0,11.0,12.0,14.0,11.43,0.91,40,14.0,15.0,18.0,23.25,33.0,19.4,5.18,40,16.0,18.75,25.0,30.25,48.01,25.95,7.81
2014-03-01 11:18:30 +0100,40,11.1,11.1,11.11,12.11,16.15,11.51,1.05,40,14.13,15.14,22.71,26.5,35.33,21.91,6.91,40,16.05,21.86,26.25,31.11,44.42,26.53,6.65
2014-03-01 11:48:46 +0100,40,11.0,11.0,11.0,11.25,16.0,11.38,1.04,40,15.0,19.0,23.0,26.0,34.0,22.9,4.58,40,16.0,22.75,26.5,31.0,40.0,27.28,6.07
2014-03-01 12:18:41 +0100,40,10.0,11.0,12.0,14.5,19.0,13.1,2.24,40,14.0,16.0,22.0,27.0,38.0,22.35,6.34,40,17.0,23.0,25.5,29.25,43.0,26.53,6.62
2014-03-01 12:48:35 +0100,40,11.0,11.0,11.0,11.0,13.0,11.13,0.67,40,14.0,15.0,17.0,20.25,29.0,17.93,3.58,40,16.0,22.0,27.0,32.25,40.0,27.08,6.63
2014-03-01 13:18:47 +0100,40,11.0,11.0,11.0,11.0,13.0,11.2,0.7,40,14.0,16.75,22.5,24.25,33.0,21.4,5.28,40,17.0,22.0,23.0,29.0,35.0,24.88,4.51
2014-03-01 13:48:39 +0100,40,11.0,11.0,11.0,12.0,17.0,11.58,1.36,40,13.0,19.0,24.0,28.0,37.0,23.95,6.34,40,16.0,26.0,32.0,36.0,58.01,31.68,7.53
2014-03-01 14:18:33 +0100,40,11.03,11.03,11.03,11.29,13.04,11.36,0.81,40,13.04,15.05,18.06,23.07,31.1,19.31,4.99,40,16.02,26.03,31.04,33.04,48.06,30.44,6.21
2014-03-01 14:48:46 +0100,40,11.0,11.0,11.0,11.0,17.0,11.18,1.09,40,12.0,17.0,18.0,19.0,34.0,18.78,4.22,40,16.0,20.0,24.5,29.25,39.0,24.95,5.92
2014-03-01 15:18:38 +0100,40,11.0,11.0,11.0,12.0,16.0,11.55,1.31,40,14.0,16.5,19.0,24.5,32.0,20.58,5.11,40,16.0,21.0,23.0,26.75,39.0,24.35,5.35
2014-03-01 15:48:33 +0100,40,11.0,11.0,11.0,12.0,13.0,11.38,0.79,40,13.0,14.75,17.0,18.0,28.0,17.53,4.03,40,16.0,23.0,27.5,32.0,41.0,27.7,5.71
2014-03-01 16:18:44 +0100,40,11.0,11.0,11.0,11.0,14.0,11.3,0.92,40,14.0,17.0,20.5,26.0,35.0,21.4,5.46,40,16.0,22.0,23.5,28.25,39.0,24.43,4.6
2014-03-01 16:48:36 +0100,40,2.0,11.0,11.0,12.0,19.0,11.58,1.8,40,14.0,16.75,17.0,18.0,30.0,18.23,4.04,40,16.0,22.0,24.0,29.0,40.0,25.4,4.78
2014-03-01 17:18:48 +0100,40,11.0,11.0,11.0,11.0,13.0,11.15,0.68,40,13.0,15.0,17.5,22.5,30.0,19.25,4.94,40,16.0,22.75,28.0,33.5,48.01,28.4,8.59
2014-03-01 17:48:41 +0100,40,11.0,11.0,11.0,12.0,13.0,11.45,0.83,40,13.0,14.0,17.0,19.25,34.0,17.88,4.49,40,16.0,22.0,23.0,29.0,31.0,23.68,4.79
2014-03-01 18:18:36 +0100,40,10.0,11.0,11.0,11.0,20.0,11.4,1.57,40,14.0,16.5,24.0,26.25,35.0,22.08,5.66,40,16.0,22.0,23.0,29.25,42.0,26.05,6.19
2014-03-01 18:48:50 +0100,40,11.0,11.0,11.0,12.0,13.0,11.3,0.74,40,14.0,14.0,17.0,18.25,25.0,17.03,3.07,40,16.0,22.0,23.0,29.0,37.0,24.48,4.58
2014-03-01 19:18:45 +0100,40,11.0,11.0,11.0,11.0,18.0,11.73,1.81,40,13.0,14.0,15.0,18.5,27.0,16.9,3.79,40,16.0,22.0,23.0,24.0,35.0,23.75,4.81
2014-03-01 19:48:39 +0100,40,11.0,11.0,11.0,12.0,13.0,11.48,0.8,40,13.0,14.0,17.0,18.0,31.0,17.93,4.57,40,16.0,22.0,23.0,29.25,36.0,24.65,5.44
2014-03-01 20:18:31 +0100,40,11.0,11.0,11.0,11.0,13.0,11.1,0.65,40,14.0,14.75,17.0,19.5,30.0,18.38,4.65,40,16.0,19.0,23.0,29.0,48.01,23.78,6.22
2014-03-01 20:48:44 +0100,40,11.0,11.0,11.0,12.0,14.0,11.58,0.91,40,14.0,14.0,18.0,21.0,29.0,18.55,4.32,40,16.0,20.0,23.0,29.25,39.0,24.45,5.68
2014-03-01 21:18:39 +0100,40,9.0,11.0,11.0,12.0,21.0,11.83,1.83,40,13.0,18.0,19.0,24.25,34.0,21.13,5.0,40,16.0,22.0,25.5,31.25,42.0,26.83,6.63
2014-03-01 21:48:31 +0100,40,9.0,11.0,11.0,11.0,12.0,11.05,0.57,40,14.0,14.0,17.0,21.0,28.0,17.9,4.1,40,16.0,22.0,23.0,26.5,38.0,24.0,4.43
2014-03-01 22:18:41 +0100,40,11.0,11.0,11.0,11.0,14.0,11.25,0.79,40,14.0,17.0,18.0,23.25,30.0,19.88,4.77,40,16.0,20.5,23.0,30.0,41.0,25.05,6.14
2014-03-01 22:48:34 +0100,40,11.0,11.0,11.0,11.0,13.0,11.1,0.65,40,14.0,15.0,17.0,18.0,29.0,17.85,4.1,40,16.0,20.75,23.0,31.0,43.0,25.13,6.71
2014-03-01 23:18:50 +0100,40,9.0,11.0,11.0,12.0,20.0,11.7,1.65,40,14.0,17.0,18.0,20.0,35.0,18.8,4.02,40,16.0,22.0,23.0,29.0,31.0,23.95,4.1
2014-03-01 23:48:43 +0100,40,11.0,11.0,11.0,11.0,13.0,11.2,0.74,40,11.0,14.0,17.0,18.0,28.0,17.63,4.12,40,16.0,20.0,22.5,27.25,36.0,24.0,5.48
2014-03-02 00:48:52 +0100,40,11.0,11.0,11.0,11.0,17.0,11.28,1.12,40,10.0,16.0,19.0,23.0,33.0,19.93,5.21,40,16.0,22.75,25.5,30.25,37.0,25.53,5.63
2014-03-02 01:26:23 +0100,40,9.0,11.0,11.0,11.0,17.0,11.3,1.16,40,12.0,14.0,17.0,23.0,36.0,19.25,6.25,40,16.0,22.0,23.0,28.25,40.0,24.83,5.48
2014-03-02 01:48:33 +0100,40,11.0,11.0,11.0,11.25,15.0,11.4,1.02,40,14.0,19.75,24.5,29.25,32.0,24.0,5.13,40,16.0,23.0,26.0,31.0,45.0,27.05,5.63
2014-03-02 02:18:59 +0100,40,11.0,11.0,11.0,12.0,19.0,12.45,2.7,40,11.0,14.0,15.0,18.0,33.0,17.08,4.81,40,16.0,22.0,22.0,29.0,31.0,24.08,3.97
2014-03-02 02:48:53 +0100,40,9.0,11.0,11.0,11.0,13.0,11.13,0.66,40,13.0,14.0,19.0,22.0,29.0,18.7,4.43,40,16.0,21.0,24.0,30.0,39.0,24.98,5.8
2014-03-02 03:18:48 +0100,40,11.0,11.0,11.0,11.25,13.0,11.28,0.73,40,13.0,14.0,20.5,24.0,31.0,20.2,5.44,40,16.0,26.0,31.0,36.25,48.01,30.73,6.69
2014-03-02 03:48:39 +0100,40,1.0,11.0,11.0,11.0,12.0,10.7,0.58,40,13.0,14.0,17.0,18.0,28.0,17.33,3.9,40,16.0,21.75,23.0,29.0,38.0,24.0,5.51
2014-03-02 04:18:30 +0100,40,1.0,11.0,11.0,11.0,12.0,10.65,1.67,40,13.0,14.0,17.0,18.5,27.0,17.5,3.51,40,16.0,22.0,24.5,30.0,42.0,25.83,6.5
2014-03-02 04:48:40 +0100,40,8.0,11.0,11.0,12.0,18.0,11.43,1.26,40,13.0,14.0,17.0,18.0,26.0,17.13,3.79,40,16.0,23.0,28.0,29.0,38.0,26.7,5.24
2014-03-02 05:18:31 +0100,40,1.0,11.0,11.0,11.0,13.0,10.8,0.43,40,13.0,17.0,21.5,25.25,33.0,21.6,5.22,40,22.0,26.0,31.0,33.5,45.0,31.25,4.95
2014-03-02 05:48:48 +0100,40,11.0,11.0,11.0,11.0,12.0,11.05,0.58,40,13.0,14.0,17.0,18.0,23.0,16.93,2.71,40,16.0,22.0,31.0,34.0,42.0,29.73,6.44
2014-03-02 06:18:52 +0100,40,10.0,11.0,11.0,11.25,15.0,11.3,0.89,40,13.0,14.75,17.5,23.25,40.0,19.43,5.77,40,16.0,21.0,22.0,28.25,40.0,23.35,5.38
2014-03-02 06:48:54 +0100,40,11.0,11.0,11.0,11.0,12.0,11.1,0.61,40,14.0,14.0,17.0,20.0,30.0,17.88,4.39,40,16.0,22.0,23.0,29.0,39.0,24.23,4.7
2014-03-02 07:18:34 +0100,40,11.0,11.0,11.0,11.0,15.0,11.33,1.03,40,14.0,17.0,19.5,24.0,34.0,20.6,4.97,40,16.0,17.0,22.0,25.25,31.0,22.23,5.04
2014-03-02 07:48:44 +0100,40,8.0,11.0,11.0,11.0,18.0,11.18,1.22,40,14.0,14.75,17.0,18.0,30.0,17.6,4.13,40,16.0,22.0,22.0,26.0,30.0,23.05,4.31
2014-03-02 08:18:34 +0100,40,11.0,11.0,11.0,11.25,12.0,11.25,0.69,40,14.0,16.75,20.0,24.0,30.0,20.23,4.84,40,20.0,27.75,32.0,35.25,48.01,32.55,5.85
2014-03-02 08:48:43 +0100,40,2.0,11.0,11.0,11.0,16.0,11.03,0.98,40,13.0,14.0,17.0,18.0,29.0,17.28,3.7,40,16.0,22.0,22.0,29.0,32.0,23.33,4.43
2014-03-02 09:18:33 +0100,40,11.0,11.0,12.0,17.0,31.0,14.4,4.81,40,14.0,15.0,17.0,19.0,29.0,17.73,3.81,40,16.0,21.75,23.0,25.25,44.0,23.95,5.73
2014-03-02 09:48:44 +0100,40,11.0,11.0,11.0,11.0,13.0,11.3,0.84,40,12.0,14.0,17.0,21.0,37.0,18.68,4.83,40,24.0,29.75,32.0,34.0,48.01,32.3,4.74
2014-03-02 10:18:34 +0100,40,11.0,11.0,11.0,11.0,12.0,11.2,0.67,40,14.0,15.75,17.5,18.0,31.0,18.0,3.82,40,16.0,22.0,23.0,29.0,33.0,24.23,4.06
2014-03-02 10:48:45 +0100,40,11.0,11.0,11.0,12.0,20.0,11.78,1.66,40,13.0,14.0,17.0,19.25,37.0,17.85,4.71,40,16.0,26.0,31.0,35.0,49.01,31.38,7.56
2014-03-02 11:18:33 +0100,40,11.0,11.0,11.0,11.0,11.0,11.0,0.53,40,13.0,15.0,18.0,20.25,26.0,18.28,3.63,40,16.0,22.0,23.5,29.25,44.0,25.33,6.26
2014-03-02 11:48:44 +0100,40,11.0,11.0,11.0,11.0,13.0,11.25,0.76,40,14.0,15.0,17.0,18.0,28.0,17.78,3.68,40,17.0,22.0,23.0,29.0,40.0,24.6,4.84
2014-03-02 12:18:34 +0100,40,11.0,11.0,11.0,11.0,13.0,11.28,0.77,40,14.0,18.75,23.0,25.0,35.0,22.48,4.92,40,14.0,21.0,24.5,30.0,49.2,25.66,7.66
2014-03-02 12:48:45 +0100,40,11.0,11.0,11.0,11.0,16.0,11.25,0.99,40,14.0,21.0,24.0,28.0,38.0,24.73,5.71,40,16.0,23.0,24.0,31.25,48.01,26.53,6.67
2014-03-02 13:18:33 +0100,40,11.0,11.0,11.0,11.0,13.0,11.2,0.7,40,13.0,14.75,17.0,18.25,31.0,17.95,4.26,40,16.0,21.0,22.0,28.25,35.0,23.43,5.01
2014-03-02 13:48:42 +0100,40,8.0,11.0,11.0,11.0,12.0,10.98,0.51,40,11.0,14.75,17.5,20.75,33.0,18.63,4.89,40,16.0,19.0,22.0,26.0,36.0,23.55,6.09
2014-03-02 14:18:32 +0100,40,11.0,11.0,11.0,11.0,12.0,11.05,0.58,40,13.0,14.0,17.0,18.0,25.0,17.13,3.38,40,21.0,22.75,23.0,28.25,37.0,24.88,3.71
2014-03-02 14:48:44 +0100,40,11.0,11.0,11.0,12.0,13.0,11.53,0.83,40,14.0,14.75,17.0,20.25,29.0,18.15,4.06,40,16.0,22.0,23.0,29.0,38.0,24.68,5.33
2014-03-02 15:18:43 +0100,40,9.0,11.0,11.5,12.0,16.0,11.73,1.21,40,14.0,17.75,21.0,26.0,34.0,21.66,4.97,40,16.31,23.45,27.01,30.84,39.76,26.17,5.54
2014-03-02 15:48:33 +0100,40,11.0,11.0,11.0,12.0,19.0,11.55,1.47,40,13.0,16.0,18.0,25.0,34.0,20.43,5.99,40,16.0,20.5,22.0,24.25,31.0,22.8,4.58
2014-03-02 16:18:45 +0100,40,8.0,11.0,11.0,11.0,20.0,11.23,1.51,40,13.0,15.75,17.0,20.0,30.0,18.33,4.25,40,16.0,26.0,29.0,32.75,46.01,29.73,6.88
2014-03-02 16:48:35 +0100,40,11.0,11.0,11.0,11.0,18.0,11.43,1.42,40,13.0,14.75,18.0,21.5,34.0,18.85,4.58,40,16.0,18.5,22.5,28.25,41.0,23.9,6.46
2014-03-02 17:18:49 +0100,40,11.0,11.0,11.0,11.0,13.0,11.15,0.72,40,14.0,15.0,17.0,18.75,29.0,18.2,4.09,40,16.0,18.5,23.0,29.25,34.0,23.55,5.42
2014-03-02 17:48:41 +0100,40,11.0,11.0,11.0,11.0,14.0,11.25,0.82,40,15.0,17.0,18.5,22.25,31.0,20.28,4.45,40,16.0,17.75,23.0,28.0,42.0,23.88,6.43
2014-03-02 18:18:55 +0100,40,11.0,11.0,12.0,12.0,14.0,11.85,0.9,40,14.0,16.75,18.0,21.75,31.0,18.98,4.06,40,16.0,20.25,23.0,30.0,40.0,24.9,6.09
2014-03-02 18:48:40 +0100,40,11.0,11.0,11.0,11.0,13.0,11.2,0.7,40,13.0,15.0,17.0,19.0,30.0,17.93,4.13,40,16.0,22.0,23.0,29.0,33.0,24.23,4.54
2014-03-02 19:18:49 +0100,40,9.0,11.0,11.0,11.0,16.0,11.35,1.14,40,14.0,14.0,18.0,21.5,32.0,18.63,4.68,40,16.0,21.0,24.5,31.25,45.01,26.33,7.1
2014-03-02 19:48:33 +0100,40,10.01,11.01,11.01,12.01,13.01,11.51,0.84,40,14.01,15.76,18.01,24.02,32.02,19.86,5.12,40,16.0,17.01,22.01,24.01,45.01,23.01,7.3
2014-03-02 20:18:43 +0100,40,11.0,11.0,11.0,11.0,13.0,11.15,0.68,40,14.0,15.0,17.0,21.0,27.0,18.3,3.82,40,16.0,22.0,23.0,29.25,37.0,24.3,5.25
2014-03-02 20:48:37 +0100,40,11.0,11.0,11.0,12.0,19.0,12.28,2.32,40,14.0,14.0,17.5,19.0,36.0,18.13,5.03,40,16.0,17.0,23.0,30.0,45.0,24.65,7.76
2014-03-02 21:18:49 +0100,40,11.02,11.02,11.02,11.02,18.04,11.47,1.35,40,14.03,17.03,18.04,24.05,35.07,19.94,4.82,40,16.01,22.02,23.05,30.02,35.07,24.83,5.07
2014-03-02 21:48:40 +0100,40,11.0,11.0,11.0,11.0,12.0,11.08,0.59,40,14.0,15.0,18.0,23.5,29.0,19.3,4.84,40,16.0,22.75,25.5,28.25,40.0,25.65,5.56
2014-03-02 22:18:51 +0100,40,11.0,11.0,11.0,11.0,13.0,11.15,0.68,40,14.0,17.0,18.0,24.0,31.0,19.58,4.76,40,16.0,23.0,26.0,32.25,45.0,27.6,7.33
2014-03-02 22:48:41 +0100,40,9.0,11.0,11.0,11.0,19.0,11.3,1.42,40,14.0,15.0,17.0,21.75,31.0,18.83,5.23,40,16.0,22.75,27.0,31.0,112.01,30.7,18.35
2014-03-02 23:18:33 +0100,40,11.05,11.05,11.05,11.05,18.08,11.5,1.39,40,13.06,15.07,17.03,18.03,31.14,17.53,3.65,40,16.03,19.78,25.04,29.05,38.06,24.76,5.97
2014-03-02 23:48:46 +0100,40,11.0,11.0,11.0,11.0,13.0,11.08,0.64,40,12.0,14.0,17.0,18.5,40.0,18.4,5.69,40,16.0,23.0,26.0,31.0,36.0,26.35,4.72
2014-03-03 00:48:40 +0100,40,11.0,11.0,11.0,12.0,12.0,11.35,0.72,40,15.0,19.0,23.0,27.0,33.0,23.4,5.04,40,16.0,17.0,22.0,29.0,38.0,23.43,5.71
2014-03-03 01:30:44 +0100,40,11.0,11.0,11.0,11.0,13.0,11.15,0.68,40,14.0,16.0,17.0,18.0,28.0,17.83,3.46,40,16.0,17.0,22.0,26.5,38.0,22.98,6.08
2014-03-03 01:48:35 +0100,40,9.0,11.0,11.0,11.0,11.0,10.95,0.48,40,14.0,16.5,17.0,20.25,30.0,18.55,4.23,40,16.0,22.0,26.0,30.0,36.0,26.2,4.2
2014-03-03 02:19:02 +0100,40,11.0,11.0,11.0,11.0,12.0,11.05,0.58,40,13.0,14.75,17.0,18.0,29.0,17.93,4.06,40,16.0,20.75,22.0,28.25,33.0,23.38,4.65
2014-03-03 02:49:02 +0100,40,11.0,11.0,11.0,11.0,12.0,11.08,0.59,40,14.0,16.0,20.0,25.0,33.0,20.78,5.12,40,16.0,20.75,22.0,28.25,35.0,23.18,4.81
2014-03-03 03:18:31 +0100,40,8.0,11.0,11.0,11.0,13.0,11.05,0.61,40,13.0,15.0,18.0,24.25,31.0,19.85,5.48,40,16.0,17.0,22.0,24.0,37.0,22.4,5.78
2014-03-03 03:48:42 +0100,40,8.0,11.0,11.0,11.0,19.0,11.38,1.43,40,14.0,14.0,17.0,20.0,24.0,17.6,3.21,40,16.0,17.0,20.0,25.0,42.0,22.03,5.82
2014-03-03 04:18:34 +0100,40,11.15,11.15,11.15,11.15,13.18,11.4,0.73,40,14.19,17.23,19.26,24.33,32.43,20.4,4.64,40,16.08,20.85,23.11,29.14,39.19,24.17,5.7
2014-03-03 04:48:46 +0100,40,11.0,11.0,11.0,11.0,12.0,11.1,0.61,40,13.0,14.0,17.0,17.25,28.0,16.9,3.66,40,16.0,22.0,26.5,31.25,41.0,27.23,5.86
2014-03-03 05:18:37 +0100,40,11.02,11.02,11.02,11.02,15.03,11.2,0.89,40,13.01,17.01,18.01,23.29,32.06,20.1,5.1,40,16.01,21.77,26.02,31.02,40.03,25.94,6.47
2014-03-03 05:48:30 +0100,40,11.0,11.0,11.0,11.0,18.0,11.43,1.64,40,10.0,14.0,17.0,21.5,25.0,17.48,3.89,40,15.0,21.0,22.0,28.25,33.0,23.13,4.83
2014-03-03 06:19:09 +0100,40,11.0,11.0,11.0,11.0,12.0,11.1,0.61,40,13.0,15.0,22.0,26.0,33.0,21.35,6.25,40,17.0,26.0,32.5,36.0,48.0,32.08,6.77
2014-03-03 06:48:51 +0100,40,9.0,11.0,11.0,11.0,18.0,11.25,1.26,40,14.0,17.0,22.0,24.25,33.0,21.63,5.41,40,17.0,22.0,25.5,31.0,46.0,26.1,6.33
2014-03-03 07:18:49 +0100,40,11.0,11.0,11.0,11.0,18.0,11.33,1.26,40,13.0,15.75,17.0,19.5,34.0,18.75,5.26,40,16.0,20.5,22.5,29.0,32.0,23.65,5.13
2014-03-03 07:48:30 +0100,40,11.0,11.0,11.5,12.0,16.0,11.93,1.46,40,14.0,14.0,17.0,19.5,30.0,17.55,4.17,40,16.0,22.0,23.0,28.25,39.0,24.5,4.33
2014-03-03 08:18:38 +0100,40,8.04,11.05,11.05,11.05,12.05,11.18,0.61,40,15.07,19.84,27.12,28.38,37.17,25.79,6.13,40,17.03,26.04,31.05,35.16,43.07,30.43,5.69
2014-03-03 08:48:40 +0100,40,11.01,11.01,11.02,11.02,12.02,11.06,0.58,40,13.01,15.01,17.01,17.01,48.03,17.91,5.99,40,16.01,22.02,22.02,27.02,42.03,24.19,6.36
2014-03-03 09:18:32 +0100,40,11.0,11.0,11.0,11.0,15.0,11.28,0.97,40,13.0,18.0,24.0,27.0,38.0,23.33,5.67,40,20.0,29.75,32.0,38.0,51.01,33.83,6.59
2014-03-03 09:48:37 +0100,40,11.1,11.1,11.1,11.1,12.11,11.18,0.6,40,14.13,16.91,22.71,26.24,39.37,22.69,6.79,40,16.05,22.09,23.22,27.46,35.12,24.47,4.95
2014-03-03 10:11:14 +0100,40,8.0,11.0,11.0,11.0,12.0,11.1,0.6,40,13.0,14.0,17.0,19.25,29.0,17.8,4.3,40,16.0,17.75,22.5,26.25,35.0,22.88,5.67
2014-03-03 10:18:36 +0100,40,11.0,11.0,11.5,12.0,18.0,11.85,1.48,40,13.0,14.0,17.0,20.25,31.0,18.25,4.68,40,16.0,20.0,22.0,29.0,38.0,24.2,5.38
2014-03-03 10:48:42 +0100,40,11.0,11.0,11.01,12.0,17.01,11.48,1.19,40,13.01,14.01,17.01,18.01,26.01,17.38,3.76,40,16.0,20.5,22.01,29.26,39.01,23.88,5.53
2014-03-03 11:18:32 +0100,40,11.0,11.0,11.0,11.0,13.0,11.1,0.65,40,13.0,15.75,17.0,20.25,29.0,18.18,3.7,40,16.0,22.0,23.0,29.0,34.0,24.43,4.62
