Time,Small_count,Small_min,Small_q1,Small_median,Small_q3,Small_max,Small_avg,Small_stddev,Large_count,Large_min,Large_q1,Large_median,Large_q3,Large_max,Large_avg,Large_stddev,Big_count,Big_min,Big_q1,Big_median,Big_q3,Big_max,Big_avg,Big_stddev,CPU,RAM,currenturiscached,totalflusheduris,totaluriscached,uricacheflushes,uricachehits,uricachemisses
2014-02-28 16:18:26 +0100,400,3.0,11.0,12.0,12.0,46.01,12.42,3.29,400,12.0,15.17,20.0,25.0,109.01,22.73,11.18,400,16.0,24.0,27.5,35.25,147.02,32.29,16.92
2014-02-28 16:23:27 +0100,400,6.0,11.0,12.0,12.0,1197.12,18.49,83.57,400,12.0,15.0,18.0,23.25,110.01,23.19,14.45,400,16.0,24.0,28.0,35.0,158.02,33.02,18.86
2014-02-28 16:48:32 +0100,400,9.0,11.0,11.0,12.0,47.01,12.11,2.62,400,13.0,15.0,18.01,24.01,108.57,21.22,10.16,400,16.0,23.0,27.0,34.0,113.01,29.71,12.07
2014-02-28 17:18:33 +0100,400,10.0,11.0,11.0,12.0,22.0,12.07,1.85,400,11.0,15.0,17.52,24.04,99.16,20.88,9.06,400,16.0,24.0,29.0,38.0,108.01,33.59,16.34
2014-02-28 17:48:37 +0100,400,7.0,11.0,11.0,12.0,25.0,12.01,2.06,400,13.0,15.0,21.0,26.0,100.02,23.04,10.76,400,16.0,23.0,27.0,35.0,154.02,30.42,13.03
2014-02-28 18:18:21 +0100,400,4.0,11.0,12.0,12.0,27.0,12.25,2.21,400,13.0,15.0,21.0,29.0,103.01,24.64,13.05,400,16.0,24.0,29.0,37.0,139.01,34.47,19.05
2014-02-28 18:48:21 +0100,400,6.0,11.0,11.0,12.0,51.01,11.87,2.56,400,13.0,15.0,17.0,22.25,74.01,19.97,8.11,400,16.0,23.0,28.0,35.0,151.02,32.72,17.68
2014-02-28 19:18:38 +0100,400,4.0,11.0,12.0,12.0,40.0,12.13,2.43,400,13.0,15.0,18.0,24.25,107.02,22.02,11.77,400,16.0,24.0,28.0,37.0,123.01,33.82,18.59
2014-02-28 19:48:38 +0100,400,8.0,11.0,12.0,12.0,40.0,12.28,2.89,400,14.0,15.0,18.0,25.0,110.02,22.49,12.31,400,16.0,23.0,28.0,36.0,147.02,32.95,18.86
2014-02-28 20:18:36 +0100,400,6.0,11.0,12.0,12.0,42.0,12.33,3.42,400,12.0,15.0,19.01,24.01,110.09,22.01,10.92,400,16.0,24.0,28.0,34.0,141.01,31.82,17.08
2014-02-28 20:48:35 +0100,400,9.0,11.0,12.0,12.0,21.0,12.14,1.86,400,14.0,16.0,21.01,27.0,112.16,24.76,13.41,400,16.0,24.0,28.0,36.0,109.01,33.68,18.68
2014-02-28 21:18:34 +0100,400,9.0,11.0,11.0,12.0,34.0,12.24,3.17,400,13.0,15.01,19.03,25.02,105.48,22.66,11.47,400,16.0,23.0,28.0,35.0,94.01,30.41,11.86
2014-02-28 21:48:34 +0100,400,11.0,11.0,12.0,13.0,30.0,12.67,2.72,400,13.0,15.03,21.01,25.02,104.56,22.47,9.72,400,16.0,24.0,29.0,35.0,114.01,32.86,15.81
2014-02-28 22:18:32 +0100,400,6.0,11.0,11.0,12.0,29.0,11.91,1.96,400,14.0,15.23,20.06,23.35,104.01,22.35,11.51,400,16.0,25.0,29.0,39.0,85.01,32.67,12.39
2014-02-28 22:48:30 +0100,400,4.0,11.0,12.0,12.0,27.0,11.94,1.86,400,14.0,15.0,19.19,24.0,66.01,22.07,10.34,400,16.0,24.0,27.0,34.0,169.02,30.28,14.01
2014-02-28 23:18:30 +0100,400,9.0,11.0,11.0,12.0,23.0,12.0,1.98,400,13.0,14.21,18.27,23.34,99.01,22.01,11.72,400,16.0,24.0,29.0,36.0,157.01,35.0,20.64
2014-02-28 23:48:30 +0100,400,9.0,11.0,11.0,12.0,52.01,11.75,2.68,400,13.0,14.0,18.0,22.0,66.01,20.52,10.0,400,16.0,22.01,27.01,34.01,152.3,31.88,18.58
2014-03-01 00:48:40 +0100,400,4.0,11.0,12.0,13.0,78.01,13.03,5.55,400,13.0,14.0,18.0,27.0,119.1,28.52,24.53,400,16.0,22.0,28.0,36.25,174.02,39.13,32.42
2014-03-01 01:29:33 +0100,400,4.0,11.0,12.0,14.0,36.0,13.4,3.86,400,12.0,14.0,17.0,26.0,117.01,27.27,23.05,400,16.0,21.0,26.0,33.0,194.02,35.72,33.35
2014-03-01 01:48:27 +0100,400,2.0,11.0,12.0,14.0,30.0,13.39,3.86,400,11.0,15.0,18.0,23.0,130.01,25.38,21.6,400,16.0,20.0,26.0,33.0,166.02,32.0,23.37
2014-03-01 02:18:21 +0100,400,7.0,11.0,11.0,13.0,33.0,12.78,3.05,400,10.0,14.0,18.0,23.0,118.01,23.28,17.88,400,16.0,20.75,25.0,31.0,171.02,29.66,19.61
2014-03-01 02:48:49 +0100,400,6.0,11.0,12.0,13.0,34.0,12.93,3.22,400,11.0,14.0,18.0,21.0,113.01,22.87,18.12,400,16.0,20.0,25.5,31.25,172.02,34.68,28.49
2014-03-01 03:18:24 +0100,400,8.0,11.0,12.0,14.0,25.0,12.87,2.94,400,11.0,14.0,17.0,22.0,121.01,24.32,20.69,400,16.0,22.0,26.0,36.0,168.02,40.25,34.83
2014-03-01 03:48:43 +0100,400,8.0,11.0,11.0,14.0,31.0,12.99,3.21,400,11.0,14.0,17.0,22.0,114.02,24.15,20.14,400,16.0,21.0,26.0,35.0,170.02,36.75,31.08
2014-03-01 04:18:28 +0100,400,9.0,11.0,11.0,13.0,43.0,13.09,3.98,400,12.0,14.0,18.0,22.0,119.01,25.96,22.41,400,16.0,19.0,25.0,30.0,184.02,30.99,25.39
2014-03-01 04:48:23 +0100,400,8.0,11.0,12.0,13.0,26.0,12.68,2.71,400,12.0,14.0,17.0,22.0,109.01,24.7,20.52,400,16.0,19.0,24.0,30.0,156.01,33.96,31.9
2014-03-01 05:18:43 +0100,400,8.0,11.0,12.0,15.0,48.01,14.22,4.95,400,11.0,14.0,15.0,21.0,117.02,22.81,21.08,400,16.0,21.0,28.0,41.25,175.02,43.83,39.16
2014-03-01 05:48:44 +0100,400,4.0,11.0,11.0,13.0,30.0,12.83,3.29,400,10.0,14.0,17.0,22.0,125.03,26.1,22.43,400,16.0,20.0,25.0,34.0,179.02,35.46,31.66
2014-03-01 06:18:25 +0100,400,3.0,11.0,12.0,14.0,35.0,13.46,4.12,400,13.0,14.0,18.0,21.0,107.01,21.01,13.11,400,16.0,20.0,25.0,32.0,157.01,29.97,18.75
2014-03-01 06:48:20 +0100,400,8.0,11.0,12.0,14.0,28.0,13.21,3.81,400,13.0,15.0,20.0,25.0,110.01,30.31,26.39,400,16.0,20.0,26.0,32.25,163.02,31.0,21.06
2014-03-01 07:18:35 +0100,400,8.0,11.0,11.0,13.0,73.01,13.15,5.97,400,11.0,14.0,17.26,22.0,114.01,21.55,13.96,400,16.0,23.0,31.0,50.01,190.02,44.39,35.93
2014-03-01 07:48:30 +0100,400,7.0,11.0,11.0,12.0,75.01,13.47,8.85,400,11.0,14.0,19.5,24.0,114.01,25.08,18.67,400,16.0,19.75,25.0,30.0,172.02,28.92,18.73
2014-03-01 08:18:25 +0100,400,4.0,11.0,12.0,14.0,31.0,13.25,4.09,400,12.0,14.0,18.0,25.0,123.01,31.27,30.07,400,16.0,22.0,28.0,36.0,189.02,39.42,35.63
2014-03-01 08:48:19 +0100,400,3.0,11.0,12.0,12.0,42.0,12.83,4.21,400,11.0,14.0,18.0,22.0,114.01,23.56,18.91,400,16.0,23.0,28.0,37.0,184.02,44.43,42.34
2014-03-01 09:18:33 +0100,400,8.0,11.0,12.0,13.0,32.0,12.9,3.56,400,11.0,15.0,19.0,25.0,112.01,25.79,20.37,400,16.0,23.0,27.0,36.0,163.02,34.84,23.18
2014-03-01 09:48:29 +0100,400,5.0,11.0,12.0,13.0,49.01,12.73,2.98,400,13.0,14.0,18.0,25.0,112.01,28.11,24.98,400,16.0,23.0,27.0,34.0,158.02,31.36,18.15
2014-03-01 10:18:23 +0100,400,8.0,12.0,12.0,14.0,38.0,13.68,3.55,400,13.0,15.0,21.0,28.0,110.01,27.61,20.59,400,16.0,24.0,29.0,36.0,158.03,36.77,27.73
2014-03-01 10:48:22 +0100,400,9.0,11.0,12.0,14.0,48.01,13.3,3.91,400,12.0,15.0,20.0,26.0,117.01,27.73,23.77,400,16.0,25.0,31.0,42.0,208.17,44.55,37.18
2014-03-01 11:18:18 +0100,400,6.0,11.0,12.0,14.0,39.0,13.44,3.89,400,13.0,15.0,18.0,23.0,126.01,22.09,14.46,400,16.0,23.0,29.0,38.0,178.02,37.23,30.12
2014-03-01 11:48:35 +0100,400,3.0,11.0,12.0,14.0,58.01,14.39,6.84,400,13.0,14.0,18.0,25.0,110.01,26.33,21.93,400,16.0,23.0,29.0,38.0,174.02,40.11,33.73
2014-03-01 12:18:29 +0100,400,9.0,11.0,12.0,14.0,73.01,13.66,5.38,400,13.0,15.0,19.0,26.0,109.01,27.8,23.3,400,16.0,25.0,31.0,43.0,168.02,45.32,39.54
2014-03-01 12:48:24 +0100,400,9.0,11.0,12.0,13.0,40.0,12.97,3.53,400,13.0,16.0,22.0,36.0,128.01,32.47,25.56,400,16.0,24.75,31.0,42.01,169.05,40.47,31.83
2014-03-01 13:18:35 +0100,400,7.0,11.0,12.0,15.0,63.01,15.06,8.96,400,12.0,15.0,19.0,24.0,110.01,27.24,23.43,400,16.0,25.0,32.5,43.0,188.02,39.51,25.58
2014-03-01 13:48:28 +0100,400,4.0,11.0,12.0,13.0,87.01,14.28,8.9,400,13.0,15.0,19.0,27.0,129.01,27.51,22.72,400,16.0,24.0,30.0,41.0,175.02,42.16,36.23
2014-03-01 14:18:22 +0100,400,10.0,11.0,12.0,14.0,33.0,13.38,3.39,400,13.0,16.0,22.0,31.0,124.01,31.52,26.02,400,16.0,26.0,32.0,45.0,200.02,47.13,38.42
2014-03-01 14:48:34 +0100,400,4.0,11.0,12.0,15.0,27.0,13.48,3.27,400,12.0,15.0,20.0,24.0,107.01,24.41,17.81,400,16.0,24.0,31.0,42.0,168.02,43.45,36.43
2014-03-01 15:18:26 +0100,400,4.0,11.0,12.0,14.0,32.0,13.31,3.65,400,13.0,15.0,19.0,28.0,120.01,29.91,26.82,400,16.0,24.0,30.0,40.0,174.02,43.58,38.73
2014-03-01 15:48:21 +0100,400,8.0,11.0,12.0,14.0,25.0,13.13,2.76,400,13.0,15.0,20.0,28.0,122.01,28.54,22.93,400,16.01,24.02,30.02,39.07,189.0,40.83,32.23
2014-03-01 16:18:32 +0100,400,5.0,11.0,12.0,14.25,41.0,13.65,3.45,400,14.0,15.0,21.0,26.0,132.01,27.0,21.25,400,16.0,25.0,30.0,38.0,174.02,39.39,33.04
2014-03-01 16:48:24 +0100,400,6.0,11.0,12.0,14.0,37.0,13.48,3.78,400,13.0,15.0,19.0,25.0,124.01,24.16,16.04,400,16.0,25.01,31.0,42.01,192.15,42.91,35.25
2014-03-01 17:18:36 +0100,400,9.0,11.0,12.0,14.0,32.0,13.3,3.04,400,12.0,15.0,19.0,25.0,117.01,23.3,14.75,400,16.08,27.33,38.04,54.15,166.13,47.64,31.39
2014-03-01 17:48:30 +0100,400,3.0,11.0,12.0,15.0,73.01,14.44,7.29,400,13.0,15.0,19.5,25.25,111.01,27.75,23.08,400,16.0,24.0,29.5,40.0,170.02,40.83,35.14
2014-03-01 18:18:24 +0100,400,3.0,11.0,12.0,13.0,33.0,13.12,4.3,400,13.0,16.0,21.0,29.0,133.01,28.6,21.36,400,16.02,25.01,30.01,39.04,165.45,41.83,35.24
2014-03-01 18:48:39 +0100,400,9.0,11.0,12.0,13.0,48.0,12.99,3.4,400,12.0,15.0,18.0,24.0,116.01,24.6,19.2,400,16.0,25.0,31.0,42.0,187.02,42.78,33.68
2014-03-01 19:18:32 +0100,400,9.0,11.0,12.0,13.0,43.01,13.23,4.6,400,13.0,17.0,23.0,33.0,121.01,33.47,27.58,400,16.0,25.0,32.0,50.51,174.02,47.83,37.27
2014-03-01 19:48:27 +0100,400,9.0,11.0,12.0,14.0,36.0,13.35,4.19,400,13.0,15.0,21.0,29.0,128.01,28.52,22.95,400,16.0,24.75,30.5,41.01,179.05,41.19,31.57
2014-03-01 20:18:19 +0100,400,4.0,11.0,12.0,14.0,26.0,13.2,2.89,400,13.0,15.0,18.0,25.0,112.01,25.75,21.33,400,16.0,26.0,32.0,50.26,168.02,46.54,35.92
2014-03-01 20:48:33 +0100,400,4.0,11.0,12.0,14.0,27.0,13.1,2.81,400,14.0,17.0,22.0,28.0,118.01,28.68,20.61,400,16.0,24.75,31.0,42.0,162.02,38.14,25.99
2014-03-01 21:18:26 +0100,400,5.0,12.0,13.0,15.0,53.01,14.16,4.29,400,13.0,17.0,22.0,30.0,121.01,28.57,21.41,400,16.0,25.01,30.01,38.02,161.13,34.88,19.5
2014-03-01 21:48:20 +0100,400,9.0,11.0,12.0,13.0,34.0,12.95,3.66,400,13.0,16.0,21.0,26.0,107.01,25.72,18.06,400,16.0,24.13,30.45,39.69,174.02,38.93,31.02
2014-03-01 22:18:30 +0100,400,3.0,11.0,12.0,15.0,24.0,13.48,2.97,400,13.0,14.0,17.0,24.0,111.01,24.83,20.75,400,16.0,25.0,31.0,43.26,162.03,41.85,31.28
2014-03-01 22:48:23 +0100,400,9.0,11.0,12.0,13.0,28.0,12.92,2.77,400,13.0,15.0,20.0,26.0,123.01,25.62,19.38,400,16.03,23.02,27.38,34.17,167.33,32.64,22.23
2014-03-01 23:18:38 +0100,400,8.0,11.0,12.0,14.0,22.0,13.14,2.61,400,12.0,15.0,20.0,27.0,106.01,26.93,20.26,400,16.0,34.0,46.0,72.01,230.02,59.54,40.31
2014-03-01 23:48:32 +0100,400,5.0,11.0,12.0,14.0,23.0,12.88,2.75,400,11.0,15.0,20.0,26.0,101.01,23.35,13.13,400,16.0,24.0,30.0,38.0,177.02,38.03,28.38
2014-03-02 00:48:40 +0100,400,8.0,11.0,12.0,13.0,51.01,13.19,4.11,400,13.0,14.0,17.0,23.0,125.01,23.7,19.6,400,16.0,23.0,28.0,37.0,178.02,40.04,35.63
2014-03-02 01:26:11 +0100,400,3.0,11.0,12.0,13.0,48.01,12.96,4.15,400,13.0,14.0,16.0,21.0,104.01,20.09,11.89,400,16.0,21.0,26.0,32.0,162.02,35.4,31.7
2014-03-02 01:48:21 +0100,400,10.0,11.0,12.0,13.0,27.0,12.51,2.43,400,11.0,14.0,19.5,24.0,121.01,25.45,20.0,400,16.0,21.0,27.0,34.0,151.02,31.55,19.12
2014-03-02 02:18:48 +0100,400,8.0,11.0,12.0,13.0,78.01,13.65,7.59,400,11.02,14.01,15.07,21.04,110.53,23.44,20.86,400,16.0,21.0,27.0,36.0,160.02,38.97,35.57
2014-03-02 02:48:42 +0100,400,8.0,11.0,11.0,13.0,28.0,12.52,2.68,400,12.0,14.0,16.0,21.0,114.01,20.65,13.19,400,16.0,20.0,25.0,32.0,162.02,33.26,29.29
2014-03-02 03:18:37 +0100,400,9.0,11.0,11.0,13.0,26.0,12.79,3.19,400,11.0,14.0,18.0,24.0,118.01,24.69,19.52,400,16.0,24.0,36.0,55.01,164.02,47.05,34.84
2014-03-02 03:48:28 +0100,400,4.0,11.0,12.0,14.0,25.0,12.8,2.64,400,11.0,14.0,17.0,21.0,112.01,23.25,18.86,400,16.0,19.01,25.01,34.01,182.36,36.71,33.93
2014-03-02 04:18:19 +0100,400,4.0,11.0,11.5,13.25,34.0,12.79,3.08,400,11.0,14.0,17.0,24.0,114.01,28.87,26.75,400,15.0,20.0,26.0,36.0,169.02,41.12,39.14
2014-03-02 04:48:29 +0100,400,2.0,11.0,12.0,13.0,23.0,12.66,2.48,400,11.0,14.0,16.0,21.0,113.01,22.1,18.0,400,16.0,21.0,25.03,33.0,155.34,33.56,28.25
2014-03-02 05:18:20 +0100,400,7.0,11.0,12.0,14.0,32.0,13.12,3.0,400,11.0,14.0,16.0,21.0,120.01,22.23,18.01,400,16.0,18.0,25.0,32.0,154.02,32.25,27.69
2014-03-02 05:48:36 +0100,400,4.0,11.0,11.0,13.0,33.0,12.54,2.71,400,10.0,14.0,18.0,24.0,108.01,25.62,21.86,400,16.0,19.75,26.0,41.0,170.02,43.77,40.11
2014-03-02 06:18:41 +0100,400,8.0,11.0,11.0,12.0,34.0,12.37,2.85,400,10.0,14.0,15.0,21.0,115.01,20.01,13.33,400,16.0,19.0,25.0,34.0,173.02,34.52,29.79
2014-03-02 06:48:43 +0100,400,3.0,11.0,11.0,12.0,36.0,12.36,3.42,400,11.0,14.0,15.0,20.0,122.01,19.49,13.88,400,16.0,21.0,25.0,33.0,160.02,31.57,22.51
2014-03-02 07:18:23 +0100,400,8.0,11.0,11.0,13.0,31.0,12.77,3.79,400,13.0,20.0,27.0,45.0,149.02,35.76,23.23,400,16.0,21.0,26.0,34.52,173.02,35.75,30.71
2014-03-02 07:48:33 +0100,400,5.0,11.0,12.0,13.0,41.0,12.72,3.58,400,13.0,14.0,17.0,21.0,112.01,24.02,20.47,400,16.0,20.0,26.0,36.0,159.05,39.8,36.59
2014-03-02 08:18:22 +0100,400,6.0,11.0,12.0,13.0,28.0,13.11,3.45,400,12.0,14.0,16.5,22.25,119.01,24.87,21.93,400,16.0,22.0,27.0,39.0,185.02,38.56,33.41
2014-03-02 08:48:32 +0100,400,3.0,11.0,12.0,13.0,45.0,12.84,3.45,400,11.0,15.0,18.0,22.0,104.01,24.03,19.56,400,16.0,20.0,26.0,31.03,159.16,29.67,18.67
2014-03-02 09:18:22 +0100,400,9.0,11.0,12.0,14.0,45.01,13.23,3.45,400,12.0,14.0,18.0,25.0,116.01,28.67,26.31,400,16.0,21.0,27.0,34.0,167.02,34.15,27.41
2014-03-02 09:48:33 +0100,400,3.0,12.0,12.0,15.0,29.0,13.68,3.8,400,13.0,15.0,20.0,25.0,122.01,28.3,23.52,400,16.0,22.0,27.0,34.26,154.12,32.3,20.11
2014-03-02 10:18:22 +0100,400,5.0,11.0,12.0,13.0,41.0,12.88,3.12,400,11.0,15.0,20.0,25.0,130.01,25.99,21.0,400,16.0,26.0,36.0,64.01,180.02,52.03,37.42
2014-03-02 10:48:33 +0100,400,4.0,11.0,12.0,15.0,46.01,13.84,4.26,400,13.0,15.0,20.0,26.0,104.01,24.15,13.7,400,16.0,24.01,31.0,46.01,179.13,47.3,40.47
2014-03-02 11:18:22 +0100,400,9.0,11.0,12.0,14.0,34.0,13.18,3.11,400,13.0,15.0,20.0,25.0,110.01,22.8,12.85,400,16.0,24.0,30.0,37.0,196.02,40.0,34.85
2014-03-02 11:48:33 +0100,400,5.0,11.0,12.0,15.0,45.01,13.5,3.46,400,13.0,15.0,19.0,24.25,108.01,25.38,19.5,400,16.0,24.0,29.01,37.01,163.17,33.76,19.4
2014-03-02 12:18:23 +0100,400,10.0,11.0,12.0,14.0,29.0,13.09,2.77,400,13.0,15.0,19.0,25.0,112.01,26.75,23.1,400,16.0,25.0,30.0,38.0,157.02,34.58,19.5
2014-03-02 12:48:33 +0100,400,5.0,11.0,12.0,14.0,31.0,13.18,2.86,400,13.0,15.0,18.0,25.0,118.01,24.7,19.03,400,16.0,24.01,30.02,41.03,171.44,45.04,39.09
2014-03-02 13:18:22 +0100,400,8.0,11.0,12.0,14.0,28.0,13.48,3.73,400,13.0,14.0,18.0,25.0,113.01,29.04,26.18,400,16.0,26.0,33.0,50.01,167.02,45.85,36.46
2014-03-02 13:48:31 +0100,400,5.0,11.0,12.0,14.0,26.0,13.12,2.91,400,12.0,14.0,18.0,23.0,121.01,22.28,14.04,400,16.0,25.12,30.7,41.07,160.04,36.65,20.51
2014-03-02 14:18:20 +0100,400,6.0,11.0,12.0,13.0,42.0,12.99,3.14,400,14.0,15.0,20.0,25.0,120.01,25.99,19.78,400,16.0,24.0,30.0,39.0,170.02,35.87,22.63
2014-03-02 14:48:32 +0100,400,4.0,12.0,13.0,14.0,24.0,13.48,2.83,400,13.0,15.0,19.0,24.0,106.01,22.99,13.52,400,16.01,25.02,30.01,39.01,157.83,37.28,25.72
2014-03-02 15:18:31 +0100,400,9.0,11.0,12.0,15.0,42.0,13.56,3.56,400,13.0,15.0,19.0,25.0,123.01,29.17,26.29,400,16.0,26.0,34.0,49.01,169.02,49.89,40.54
2014-03-02 15:48:21 +0100,400,4.0,12.0,14.0,16.0,29.0,14.58,3.62,400,12.0,15.0,18.0,24.0,103.01,22.33,13.04,400,16.0,23.0,29.0,38.0,169.02,38.68,31.95
2014-03-02 16:18:34 +0100,400,9.0,11.0,12.0,14.0,35.0,13.26,3.37,400,13.0,15.0,18.0,25.0,109.01,25.7,21.08,400,16.0,23.78,29.02,36.07,153.81,37.43,29.88
2014-03-02 16:48:24 +0100,400,4.0,12.0,13.0,15.0,30.0,13.82,3.32,400,12.0,15.0,19.0,23.0,112.01,22.28,13.85,400,16.0,26.0,33.0,41.0,169.02,38.06,23.37
2014-03-02 17:18:37 +0100,400,5.0,11.0,12.0,14.0,33.0,13.46,3.45,400,14.0,15.0,18.0,24.25,122.01,26.12,22.0,400,16.0,26.0,34.0,54.26,170.05,50.84,39.75
2014-03-02 17:48:29 +0100,400,10.0,11.0,12.0,14.0,47.0,13.33,3.72,400,14.0,16.0,21.0,28.0,130.01,27.63,21.61,400,16.0,26.34,32.78,43.0,176.02,44.15,34.81
2014-03-02 18:18:43 +0100,400,6.0,11.0,13.0,18.0,422.04,38.68,68.61,400,13.0,15.0,21.0,26.0,110.01,24.14,14.01,400,17.0,25.0,30.5,39.0,174.02,40.46,31.86
2014-03-02 18:48:28 +0100,400,9.0,12.0,12.0,14.0,26.0,13.5,3.11,400,14.0,15.0,21.0,27.0,111.01,24.65,14.15,400,16.0,27.0,35.0,45.01,178.02,48.12,39.86
2014-03-02 19:18:38 +0100,400,3.0,11.0,12.0,14.0,36.0,13.9,4.41,400,13.0,16.0,21.0,26.25,111.01,26.81,19.46,400,16.0,26.0,31.01,41.01,165.11,42.53,33.81
2014-03-02 19:48:22 +0100,400,8.0,11.0,12.0,14.0,31.0,13.48,3.48,400,14.0,17.0,24.0,29.0,128.01,28.81,21.92,400,16.0,28.0,35.0,48.26,176.02,53.07,44.44
2014-03-02 20:18:32 +0100,400,5.0,12.0,12.0,14.0,45.01,13.5,3.51,400,14.0,16.0,23.0,29.0,117.01,29.41,22.73,400,16.03,26.85,31.47,40.61,181.02,39.52,27.27
2014-03-02 20:48:25 +0100,400,9.0,11.0,12.0,13.0,52.01,13.71,4.62,400,14.0,16.0,22.0,31.0,113.01,31.44,25.74,400,17.0,29.0,38.0,49.26,172.02,46.45,31.32
2014-03-02 21:18:38 +0100,400,10.0,12.0,12.0,14.0,39.0,13.73,4.07,400,14.0,18.0,24.0,32.0,123.01,32.02,24.63,400,16.0,29.0,42.5,76.01,173.02,59.75,40.38
2014-03-02 21:48:28 +0100,400,10.0,12.0,12.0,14.0,30.0,13.57,2.97,400,14.0,18.0,23.0,29.0,114.01,28.18,18.28,400,17.0,27.0,34.0,53.01,170.02,52.09,41.14
2014-03-02 22:18:40 +0100,400,9.0,11.75,12.0,14.0,38.0,13.49,3.77,400,14.0,15.0,20.0,26.0,125.01,25.3,18.19,400,17.0,27.0,35.01,47.0,169.05,47.54,35.89
2014-03-02 22:48:30 +0100,400,5.0,11.0,12.0,14.0,25.0,13.34,2.92,400,13.0,15.0,19.0,26.0,109.01,23.75,14.93,400,16.0,29.0,41.0,67.01,163.02,55.25,37.33
2014-03-02 23:18:22 +0100,400,9.0,12.0,12.0,14.0,29.0,13.14,2.74,400,13.0,15.0,19.0,23.0,106.01,23.64,16.98,400,16.0,24.75,30.0,40.0,163.02,41.06,32.37
2014-03-02 23:48:35 +0100,400,3.0,11.0,12.0,14.0,35.0,13.13,3.64,400,12.0,15.0,18.0,22.0,105.01,21.63,12.71,400,16.02,23.04,28.15,36.27,166.02,39.86,34.34
2014-03-03 00:48:28 +0100,400,3.0,11.0,12.0,13.0,29.0,12.9,2.98,400,12.0,14.0,16.5,22.0,108.01,23.32,19.62,400,16.0,22.0,27.0,35.0,166.02,37.81,34.47
2014-03-03 01:30:32 +0100,400,5.0,11.0,12.0,15.0,36.0,13.77,4.17,400,11.0,14.0,15.0,21.0,111.01,22.14,17.86,400,16.0,22.83,28.38,41.0,174.02,41.24,34.75
2014-03-03 01:48:24 +0100,400,3.0,11.0,12.0,14.0,26.0,13.03,3.2,400,13.0,14.0,17.0,22.0,124.01,24.5,21.8,400,16.0,21.0,26.5,36.0,175.02,38.85,35.74
2014-03-03 02:18:50 +0100,400,3.0,11.0,11.0,13.0,23.0,12.63,2.59,400,11.0,14.0,18.0,23.0,105.01,25.55,21.44,400,16.0,19.0,25.0,33.0,164.02,37.16,35.0
2014-03-03 02:48:52 +0100,400,8.0,11.0,11.0,13.0,41.0,12.77,3.54,400,11.0,14.0,18.0,22.0,112.01,26.93,23.12,400,16.0,20.0,25.0,32.0,154.02,30.13,20.8
2014-03-03 03:18:20 +0100,400,4.0,11.0,12.0,15.0,23.0,13.22,2.85,400,10.0,14.0,17.0,22.0,98.01,22.64,16.23,400,16.0,20.0,26.0,33.0,175.02,37.03,32.87
2014-03-03 03:48:31 +0100,400,8.0,11.0,12.0,14.0,25.0,12.84,2.6,400,11.0,14.0,17.0,21.0,131.01,21.41,16.22,400,16.0,22.0,27.0,36.0,175.02,39.56,35.38
2014-03-03 04:18:23 +0100,400,4.0,11.0,11.0,13.0,29.0,12.86,3.28,400,11.0,14.0,18.0,23.0,106.01,26.82,23.54,400,16.0,22.0,27.0,35.0,174.02,38.16,34.35
2014-03-03 04:48:35 +0100,400,2.0,11.0,12.0,15.0,38.0,13.32,3.26,400,11.0,14.0,16.0,20.0,117.01,19.8,12.27,400,16.0,19.0,25.66,36.0,155.01,36.63,32.16
2014-03-03 05:18:25 +0100,400,4.0,11.0,11.0,13.0,30.0,12.61,2.63,400,12.0,14.0,18.0,23.0,99.01,24.61,18.69,400,16.0,19.0,24.0,33.0,158.02,34.49,32.42
2014-03-03 05:48:20 +0100,400,8.0,11.0,12.0,13.0,26.0,12.65,2.76,400,12.0,14.0,16.0,21.0,120.01,25.4,22.46,400,16.0,19.75,26.0,33.0,155.02,30.05,18.3
2014-03-03 06:18:57 +0100,400,4.0,11.0,13.0,16.0,29.0,13.85,3.55,400,12.0,14.16,17.26,21.0,100.01,21.29,13.86,400,16.0,19.0,25.0,31.0,159.02,28.87,18.19
2014-03-03 06:48:40 +0100,400,2.0,11.0,12.0,15.0,33.0,13.43,3.58,400,13.0,14.0,15.0,20.0,116.01,23.5,21.71,400,16.0,19.03,25.01,35.01,163.78,32.3,24.6
2014-03-03 07:18:37 +0100,400,8.0,11.0,12.0,13.0,31.0,12.8,2.83,400,13.0,14.0,17.0,21.0,119.01,22.34,15.58,400,16.0,28.0,40.05,63.16,192.19,52.17,35.93
2014-03-03 07:48:18 +0100,400,5.0,11.0,12.0,13.0,27.0,12.49,2.46,400,11.0,15.0,18.0,25.0,110.01,27.8,23.45,400,16.0,20.0,26.0,34.0,168.02,35.73,33.03
2014-03-03 08:18:27 +0100,400,3.0,11.0,12.0,14.0,42.0,13.21,3.88,400,13.0,14.0,18.0,24.0,118.01,24.51,18.57,400,16.0,23.0,29.0,40.0,178.02,43.35,37.61
2014-03-03 08:48:29 +0100,400,9.0,11.0,12.0,14.0,28.0,13.27,3.07,400,11.0,15.0,19.0,24.0,112.01,23.08,13.89,400,16.0,21.0,26.0,35.25,162.02,34.37,27.71
2014-03-03 09:18:20 +0100,400,9.0,11.0,12.0,14.0,39.0,13.2,4.08,400,13.0,14.0,17.0,24.0,119.01,25.64,22.16,400,16.0,23.0,29.0,41.25,166.02,43.25,37.29
2014-03-03 09:48:26 +0100,400,9.0,11.0,12.0,13.25,34.0,13.28,3.51,400,11.0,15.0,20.0,28.0,112.01,27.25,22.19,400,16.0,24.0,28.0,38.0,187.02,37.93,30.97
2014-03-03 10:11:02 +0100,400,9.0,11.0,12.0,13.0,25.0,13.02,2.96,400,13.0,15.08,20.0,25.13,120.01,25.5,19.8,400,16.0,24.0,29.0,37.0,166.02,35.36,25.35
2014-03-03 10:18:25 +0100,400,4.0,11.0,12.0,13.0,40.0,13.35,4.95,400,12.0,17.0,22.0,29.0,104.01,27.41,17.03,400,16.0,23.75,30.0,40.0,179.02,39.67,30.69
2014-03-03 10:48:31 +0100,400,3.0,12.0,13.0,15.0,33.0,14.04,4.18,400,12.0,17.0,22.0,29.0,130.01,30.86,25.12,400,16.0,26.0,37.0,81.26,177.02,58.24,45.41
2014-03-03 11:18:21 +0100,400,4.0,11.0,12.0,14.25,27.0,13.56,3.24,400,11.0,15.0,20.0,27.25,109.01,26.04,19.83,400,16.0,26.0,32.0,40.0,167.02,36.58,20.85
2014-03-03 11:48:36 +0100,400,3.0,11.0,12.0,14.0,91.01,13.9,8.65,400,11.0,15.0,21.0,28.0,129.01,29.37,24.25,400,16.0,26.0,33.0,48.0,192.02,47.8,38.1
2014-03-03 12:18:31 +0100,400,6.0,11.0,12.0,15.0,54.01,14.59,6.31,400,13.0,16.0,23.0,30.0,127.01,30.9,23.97,400,16.0,27.0,33.0,44.0,176.02,41.04,28.2
2014-03-03 12:48:36 +0100,400,8.0,11.0,12.0,13.0,62.01,13.3,5.13,400,13.0,16.0,22.0,28.0,188.02,28.57,21.88,400,16.0,28.0,41.0,82.01,171.02,60.26,42.4
2014-03-03 13:18:25 +0100,400,9.0,11.0,12.0,13.0,33.0,13.47,4.27,400,13.0,17.0,23.0,36.25,121.01,34.96,27.97,400,16.0,24.0,30.0,39.0,166.02,40.26,32.83
2014-03-03 13:32:15 +0100,400,4.0,11.0,12.0,15.0,25.0,13.44,3.12,400,12.0,15.0,20.0,27.25,122.01,29.35,26.59,400,16.0,25.0,30.0,37.0,160.02,33.85,18.91
2014-03-03 13:34:09 +0100,400,4.0,11.0,12.0,14.0,31.0,13.17,3.3,400,12.0,15.0,20.0,25.0,107.01,25.77,19.48,400,16.0,26.0,34.0,54.26,159.02,48.2,35.31
2014-03-03 13:41:06 +0100,400,8.0,11.0,11.0,12.0,983.1,23.42,79.84,400,13.01,15.02,19.25,26.04,120.31,26.37,21.62,400,16.0,23.0,28.0,36.0,279.03,33.13,21.9
2014-03-03 13:48:44 +0100,400,9.0,11.0,12.0,13.0,251.03,15.64,18.22,400,13.0,16.0,22.0,34.0,111.01,34.29,28.33,400,16.01,24.01,29.02,36.22,304.01,40.84,38.07
2014-03-03 13:53:50 +0100,400,8.0,11.0,12.0,15.0,151.02,14.94,11.32,400,13.0,15.0,20.0,25.0,279.03,25.25,22.81,400,16.0,24.0,30.0,37.0,193.02,35.23,24.2
2014-03-03 14:18:49 +0100,400,8.0,11.0,12.0,13.0,215.02,15.05,20.04,400,14.0,16.0,21.0,27.0,264.03,28.19,29.57,400,16.0,25.0,31.0,42.0,291.03,41.41,35.07
2014-03-03 14:48:38 +0100,400,4.0,11.0,12.0,13.0,134.01,13.74,7.4,400,12.0,15.0,20.0,25.0,264.03,25.46,23.81,400,16.0,25.0,30.0,43.01,366.04,46.09,44.12
2014-03-03 15:18:33 +0100,400,5.0,12.0,12.0,14.0,172.02,14.71,12.04,400,13.0,16.0,23.0,36.0,304.03,35.83,34.66,400,16.0,26.0,33.0,42.0,235.02,43.1,33.07
2014-03-03 15:57:51 +0100,400,5.0,11.0,12.0,14.0,261.03,15.09,17.06,400,13.0,15.0,20.0,28.0,118.01,26.58,20.0,400,16.0,26.0,34.0,47.26,193.02,45.97,35.5
2014-03-03 16:00:27 +0100,400,8.0,11.0,12.0,14.0,243.02,20.35,32.95,400,14.0,21.0,29.0,42.0,372.04,44.3,52.66,400,22.0,40.0,53.01,71.01,345.04,67.44,46.79
2014-03-03 16:03:34 +0100,400,4.0,11.0,13.0,18.01,417.2,28.05,55.69,400,13.0,24.0,35.0,54.26,355.04,52.17,53.89,400,17.0,40.0,53.01,69.01,368.04,64.0,44.72
2014-03-03 16:18:24 +0100,400,5.0,12.0,13.0,16.0,35.0,14.21,4.04,400,14.0,15.0,22.0,29.25,271.0,30.64,30.17,400,16.0,26.0,33.0,49.0,328.0,47.26,38.97
2014-03-03 16:48:32 +0100,400,3.0,11.0,12.0,14.0,272.0,14.54,17.96,400,14.0,16.0,23.0,33.0,258.0,33.57,28.31,400,16.0,25.0,30.0,39.0,264.0,36.89,27.79
2014-03-03 17:19:44 +0100,400,9.0,11.0,12.0,14.0,233.02,15.21,18.85,400,13.0,16.0,22.0,29.0,251.03,30.51,29.0,400,16.0,25.0,32.0,43.0,526.05,42.81,45.14
2014-03-03 17:48:29 +0100,400,3.0,11.0,12.0,13.0,211.02,14.87,15.39,400,13.0,15.0,21.0,30.0,271.03,34.07,37.02,400,16.0,26.0,32.0,41.0,291.03,43.19,41.47
2014-03-03 18:18:22 +0100,400,5.0,11.0,12.0,14.0,153.0,15.93,17.4,400,13.0,17.0,24.0,34.0,302.0,34.72,36.73,400,16.0,31.0,44.0,73.0,409.0,64.23,53.61
2014-03-03 18:48:21 +0100,400,11.0,11.0,12.0,14.0,242.0,15.28,17.02,400,13.0,17.0,21.0,26.25,286.0,29.85,30.96,400,16.0,27.0,35.0,46.0,296.0,51.97,47.55
2014-03-03 19:18:38 +0100,400,9.0,11.0,12.0,13.0,236.02,15.24,18.51,400,13.0,15.0,22.0,31.25,286.03,32.89,32.47,400,16.0,33.0,50.01,79.26,517.05,69.34,60.67
2014-03-03 19:48:33 +0100,400,10.0,11.0,12.0,14.0,232.0,16.79,24.48,400,14.0,16.0,22.0,31.0,187.0,30.19,25.74,400,16.0,25.0,33.0,46.0,327.0,50.84,48.71
2014-03-03 20:18:41 +0100,400,9.0,12.0,12.0,15.0,205.02,16.12,17.1,400,14.0,17.0,23.0,29.0,310.03,32.56,37.6,400,17.0,26.0,32.5,48.01,338.03,53.22,51.54
2014-03-03 20:48:23 +0100,400,10.0,11.0,12.0,14.0,225.02,21.83,34.35,400,14.0,18.0,24.0,31.0,309.03,32.31,33.5,400,16.0,29.0,41.5,62.01,285.03,56.54,43.28
2014-03-03 21:18:39 +0100,400,9.0,11.0,12.0,13.0,247.03,16.37,25.07,400,14.0,19.0,25.0,37.0,275.03,38.86,36.56,400,17.0,35.0,50.51,81.26,289.03,66.51,45.35
2014-03-03 21:48:26 +0100,400,6.0,12.0,13.0,15.0,51.0,14.56,5.25,400,14.0,18.0,25.0,32.0,325.0,30.47,28.61,400,16.0,27.0,33.5,47.0,264.0,51.21,45.71
2014-03-03 22:18:40 +0100,400,3.0,11.0,12.0,13.0,163.02,15.5,18.38,400,14.0,18.75,24.0,31.0,276.03,30.89,29.28,400,16.0,27.0,33.5,44.0,327.03,48.87,48.25
2014-03-03 22:48:30 +0100,400,3.0,11.0,12.0,14.0,226.02,16.83,25.06,400,13.0,15.0,21.0,28.0,355.04,29.39,30.88,400,16.0,26.0,32.0,46.26,301.03,49.28,44.51
2014-03-03 23:18:28 +0100,400,8.0,11.0,12.0,14.0,211.02,15.0,16.84,400,12.0,15.0,20.0,26.25,208.02,28.63,26.7,400,16.0,25.0,30.0,42.0,332.03,42.65,43.51
2014-03-03 23:48:35 +0100,400,2.0,11.0,12.0,14.0,267.03,17.12,26.1,400,12.0,15.0,19.0,25.0,204.02,25.35,22.22,400,16.0,23.0,27.0,36.0,275.03,38.44,37.35
2014-03-04 00:48:31 +0100,400,8.0,11.0,11.0,12.0,164.02,14.07,15.18,400,13.0,14.0,19.0,26.0,260.03,30.03,31.93,400,16.0,22.0,27.0,35.0,274.03,35.63,33.65
2014-03-04 01:31:19 +0100,400,8.0,11.0,12.0,13.0,172.02,16.03,21.07,400,10.0,14.0,19.0,31.0,1063.23,107.75,229.55,400,16.0,22.0,30.0,48.01,276.03,47.1,43.24
2014-03-04 01:48:38 +0100,400,9.0,11.0,11.0,12.0,232.02,15.01,22.24,400,11.0,14.0,15.0,20.25,232.02,23.31,25.37,400,16.0,19.0,25.0,34.0,301.03,34.11,34.25
2014-03-04 02:18:41 +0100,400,4.0,11.0,12.0,14.0,207.02,14.39,14.91,400,11.0,14.0,19.0,26.0,257.03,28.86,30.33,400,16.0,20.0,25.0,31.0,313.03,32.55,29.02
2014-03-04 02:48:50 +0100,400,8.0,11.0,11.0,12.25,231.02,14.48,17.51,400,11.0,14.0,17.0,22.0,239.02,25.4,26.82,400,16.01,21.03,26.31,37.16,465.83,40.84,45.43
2014-03-04 03:18:38 +0100,400,5.0,11.0,11.0,12.0,241.02,15.29,23.9,400,13.0,15.0,20.0,27.0,208.02,27.98,26.85,400,16.0,23.0,29.0,42.25,300.03,40.25,36.09
2014-03-04 03:48:33 +0100,400,2.0,11.0,11.0,12.0,223.02,14.99,21.75,400,11.0,14.0,19.0,29.0,194.02,28.54,25.72,400,16.0,20.0,26.0,33.0,251.03,32.61,27.13
2014-03-04 04:18:23 +0100,400,4.0,11.0,11.0,12.0,188.02,14.77,18.7,400,13.0,14.0,18.0,24.0,226.02,29.06,30.25,400,16.0,22.0,29.0,43.0,253.03,41.2,34.13
2014-03-04 04:48:38 +0100,400,5.0,11.0,11.0,12.0,172.02,13.62,12.86,400,13.0,14.0,18.0,24.0,201.02,27.36,27.41,400,16.0,21.0,26.0,34.25,257.03,33.8,28.61
2014-03-04 05:18:31 +0100,400,8.0,11.0,11.0,13.0,201.02,15.49,18.01,400,13.0,14.0,17.0,22.0,220.02,24.72,26.23,400,16.0,23.0,28.0,41.0,257.03,49.77,49.6
2014-03-04 05:48:26 +0100,400,9.0,11.0,11.0,13.0,192.02,15.15,18.55,400,11.0,14.0,17.0,22.0,346.04,24.38,29.68,400,16.0,20.0,26.0,35.0,224.02,37.49,34.73
2014-03-04 06:18:34 +0100,400,3.0,11.0,11.0,13.0,221.02,16.46,25.6,400,11.0,14.0,17.5,23.0,251.03,26.99,28.08,400,16.0,19.75,25.0,34.0,247.02,38.08,39.32
2014-03-04 06:48:54 +0100,400,9.0,11.0,12.0,13.0,202.02,15.16,18.93,400,10.0,14.0,17.0,21.0,227.02,21.6,19.36,400,16.0,19.01,25.01,34.04,196.04,36.27,33.78
2014-03-04 07:18:28 +0100,400,2.0,11.0,11.0,13.0,201.02,14.43,16.24,400,11.0,14.0,19.0,25.0,232.02,25.72,26.39,400,16.0,21.0,27.0,36.0,255.03,40.83,40.53
2014-03-04 08:18:25 +0100,400,8.0,11.0,11.0,12.0,181.02,16.11,20.74,400,11.0,15.0,20.0,29.0,370.04,31.44,37.19,400,16.0,23.0,29.0,38.25,269.03,41.65,39.98
2014-03-04 08:48:33 +0100,400,6.0,11.0,11.0,12.0,229.02,17.18,29.89,400,13.0,15.0,20.0,26.0,240.02,27.18,25.57,400,16.0,22.0,29.0,36.0,283.03,37.27,33.0
2014-03-04 09:18:27 +0100,400,3.0,11.0,12.0,13.0,202.02,14.44,16.01,400,13.0,15.0,19.0,26.25,252.03,28.45,26.24,400,16.0,23.0,29.0,39.0,270.03,41.17,39.57
2014-03-04 10:18:21 +0100,400,6.0,11.0,12.0,12.0,31.0,12.75,3.66,400,13.0,15.0,20.0,25.25,104.01,23.39,13.65,400,16.0,24.0,29.0,36.25,160.02,33.09,18.34
2014-03-04 11:11:24 +0100,400,9.0,11.0,12.0,13.0,40.0,13.22,4.05,400,13.0,15.0,22.0,32.0,124.0,32.02,26.8,400,16.0,23.0,30.0,38.0,168.02,34.54,20.46
2014-03-04 11:18:25 +0100,400,3.0,11.0,12.0,14.0,31.0,13.61,3.93,400,14.0,23.0,29.0,42.0,116.01,33.76,16.99,400,16.0,32.0,43.0,58.01,249.03,51.42,32.35
2014-03-04 11:48:39 +0100,400,9.0,12.0,13.0,15.0,38.0,13.95,3.83,400,14.0,23.0,30.0,45.25,127.01,39.91,27.59,400,16.0,35.0,44.01,58.01,175.02,56.31,34.97
2014-03-04 12:00:39 +0100,400,9.0,12.0,13.0,15.0,29.0,14.0,3.29,400,14.0,17.0,24.5,37.0,117.01,39.73,33.81,400,16.0,25.0,31.0,41.0,172.02,36.12,20.53
2014-03-04 12:18:27 +0100,400,3.0,11.0,12.0,14.0,26.0,13.05,2.8,400,13.0,16.0,23.0,36.0,139.01,35.88,31.11,400,16.0,26.0,33.0,47.26,169.02,48.8,41.22
2014-03-04 12:48:32 +0100,400,6.0,11.0,12.0,13.0,81.01,13.51,6.63,400,13.0,17.0,23.0,29.0,114.01,28.67,21.65,400,16.0,26.0,33.0,47.25,176.02,47.15,38.15
2014-03-04 13:18:36 +0100,400,3.0,11.0,12.0,14.0,30.0,13.21,2.95,400,13.0,15.0,18.0,26.0,121.01,24.55,17.33,400,16.0,26.75,34.0,46.01,163.02,47.6,36.63
2014-03-04 13:48:38 +0100,400,4.0,11.0,14.0,17.0,36.0,14.68,3.91,400,13.0,15.0,21.0,26.25,204.02,27.42,23.62,400,16.0,27.0,35.0,43.0,171.02,42.39,30.03
2014-03-04 15:18:32 +0100,400,3.0,12.0,14.0,17.0,91.01,15.5,7.2,400,14.0,18.0,24.0,31.0,137.01,29.78,21.55,400,16.0,28.0,36.5,54.01,185.02,50.69,37.06
2014-03-04 15:48:52 +0100,400,3.0,11.0,13.0,16.0,43.0,14.48,5.05,400,13.0,15.0,21.0,29.25,182.02,27.72,22.08,400,16.0,27.39,37.0,59.04,168.02,49.23,33.09
2014-03-04 16:18:38 +0100,400,9.0,11.0,12.0,15.0,37.0,13.64,3.64,400,13.0,17.0,24.0,35.0,117.01,32.87,24.1,400,16.0,25.0,33.5,47.25,352.04,46.77,40.52
2014-03-04 16:48:32 +0100,400,7.0,10.0,10.0,11.0,23.0,10.89,2.48,400,11.0,13.0,16.5,23.0,112.01,23.35,19.8,400,15.0,18.0,24.0,31.0,167.02,32.74,31.9
2014-03-04 16:50:01 +0100,400,7.0,10.0,10.0,10.0,23.0,10.99,2.66,400,12.0,13.0,15.0,21.0,112.01,21.46,18.44,400,15.0,21.0,26.0,35.25,167.02,37.81,34.34
2014-03-04 17:18:34 +0100,400,2.0,10.0,10.0,10.0,30.0,10.98,2.91,400,11.0,13.0,19.0,23.0,126.01,24.08,20.89,400,15.0,20.0,25.0,30.0,182.02,30.78,27.21
2014-03-04 17:48:36 +0100,400,8.0,10.0,10.0,10.0,131.01,11.84,8.87,400,10.0,13.0,18.5,23.0,119.01,23.65,20.14,400,15.0,18.0,24.0,31.0,162.02,31.89,29.39
2014-03-04 18:18:25 +0100,400,8.0,10.0,10.0,11.0,27.0,11.25,3.26,400,10.0,13.0,18.0,22.0,108.01,21.56,15.74,400,15.0,22.0,26.0,37.0,179.02,40.03,37.07
2014-03-04 18:48:26 +0100,400,8.0,10.0,10.0,10.0,29.0,11.07,3.1,400,10.0,13.0,20.0,26.0,128.01,25.33,20.99,400,15.0,21.0,26.0,35.25,263.03,38.12,36.15
2014-03-04 19:18:34 +0100,400,3.0,10.0,10.0,11.0,31.0,11.95,4.49,400,12.0,13.0,17.0,23.0,120.01,23.35,20.83,400,15.0,22.0,27.0,35.0,165.02,37.64,32.22
2014-03-04 19:48:30 +0100,400,8.0,10.0,10.0,10.0,25.0,11.02,3.07,400,10.0,13.0,18.0,25.0,135.01,24.18,19.29,400,15.0,21.0,25.0,32.25,183.02,33.14,28.26
2014-03-04 20:18:31 +0100,400,7.0,10.0,10.0,10.0,176.02,12.48,13.89,400,10.0,13.0,17.0,23.0,108.01,22.75,18.87,400,15.0,20.0,25.5,34.0,187.02,36.31,32.47
2014-03-04 20:48:17 +0100,400,8.0,10.0,10.0,11.0,30.0,11.52,3.47,400,9.0,13.0,19.0,25.0,118.01,25.19,21.95,400,15.0,21.0,25.0,33.0,198.02,36.45,33.54
2014-03-04 21:18:24 +0100,400,2.0,10.0,10.0,11.0,34.0,11.86,4.09,400,12.0,13.0,20.0,26.0,125.01,26.31,23.31,400,15.0,21.0,26.0,35.0,287.03,37.17,35.89
2014-03-04 21:48:34 +0100,400,8.0,10.0,10.0,10.0,110.01,12.13,10.76,400,12.0,13.0,15.0,22.0,117.01,22.81,21.02,400,15.0,20.0,26.0,37.0,170.02,36.89,31.84
2014-03-04 22:18:30 +0100,400,3.0,10.0,10.0,11.0,28.0,11.11,3.06,400,10.0,13.0,14.0,20.0,174.02,21.54,19.81,400,15.0,18.0,25.0,32.25,170.02,34.27,33.09
2014-03-04 22:48:21 +0100,400,3.0,10.0,10.0,13.0,51.01,12.06,3.96,400,12.0,13.0,15.0,21.0,120.01,22.15,19.46,400,15.0,19.0,24.0,32.0,179.02,35.73,34.65
2014-03-04 23:18:19 +0100,400,3.0,10.0,10.0,10.0,28.0,10.81,3.56,400,11.0,13.0,14.0,20.0,122.01,22.73,21.66,400,15.0,17.0,23.0,30.0,162.02,32.45,28.6
2014-03-04 23:48:26 +0100,400,7.0,10.0,10.0,13.0,23.0,11.54,2.54,400,12.0,13.0,16.0,21.0,96.01,19.47,11.39,400,15.0,18.0,24.0,28.0,180.02,31.68,30.02
2014-03-05 00:48:15 +0100,400,3.0,10.0,10.0,10.0,223.02,11.29,11.29,400,12.0,13.0,15.0,20.0,118.01,23.62,22.04,400,15.0,16.0,23.0,31.25,161.02,32.12,28.86
2014-03-05 01:32:54 +0100,400,3.0,10.0,10.0,10.0,82.01,11.55,6.69,400,10.0,13.0,14.0,20.0,122.01,23.21,21.23,400,15.0,16.0,23.0,31.0,168.02,32.79,31.39
2014-03-05 01:48:20 +0100,400,2.0,10.0,10.0,10.0,38.0,10.85,3.61,400,12.0,13.0,15.0,21.0,230.0,23.09,23.55,400,15.0,17.0,22.0,28.0,165.0,28.75,25.32
2014-03-05 02:18:35 +0100,400,2.0,10.0,10.0,11.0,25.0,11.22,3.31,400,10.0,13.0,14.0,20.0,110.0,21.35,19.44,400,15.0,16.0,21.5,28.0,174.0,30.48,30.41
2014-03-05 02:48:28 +0100,400,3.0,10.0,10.0,10.0,33.0,10.75,3.48,400,12.0,13.0,15.0,20.0,122.0,22.11,20.4,400,15.0,16.0,22.0,27.25,173.0,33.89,35.21
2014-03-05 03:18:21 +0100,400,7.0,10.0,10.0,11.0,23.0,11.06,2.42,400,9.0,13.0,16.0,20.25,117.0,22.95,20.99,400,15.0,16.0,22.0,26.0,165.0,29.58,29.04
2014-03-05 03:48:34 +0100,400,2.0,10.0,10.0,11.0,27.0,11.51,2.98,400,10.0,13.0,15.0,20.0,117.0,20.54,17.29,400,15.0,16.0,22.0,26.25,167.0,33.36,32.91
2014-03-05 04:18:26 +0100,400,3.0,10.0,10.0,10.0,31.0,11.05,3.96,400,9.0,13.0,14.0,20.0,208.0,21.89,21.62,400,14.0,16.0,21.0,26.0,162.0,29.48,29.65
2014-03-05 04:48:21 +0100,400,1.0,10.0,10.0,10.0,35.0,11.04,3.73,400,12.0,13.0,13.0,19.0,115.0,20.78,18.71,400,15.0,16.0,21.0,28.0,157.0,31.82,32.0
2014-03-05 05:18:16 +0100,400,2.0,10.0,10.0,10.0,121.0,11.44,9.83,400,10.0,13.0,14.0,19.0,195.0,21.11,21.22,400,15.0,18.0,23.0,27.0,162.0,30.62,29.78
2014-03-05 05:48:15 +0100,400,7.0,10.0,10.0,10.0,23.0,10.56,2.31,400,9.0,13.0,15.0,20.0,110.0,20.89,17.47,400,15.0,16.0,22.0,27.0,169.0,30.39,30.24
2014-03-05 06:18:31 +0100,400,2.0,10.0,10.0,10.0,34.0,10.82,3.7,400,10.0,13.0,15.0,20.0,111.0,19.1,12.79,400,15.0,16.0,21.0,25.0,162.0,29.19,29.11
2014-03-05 06:48:24 +0100,400,10.0,10.0,10.0,11.0,31.0,11.59,3.3,400,10.0,13.0,14.0,20.0,109.0,20.59,18.27,400,15.0,16.0,21.5,26.0,153.0,25.81,19.98
2014-03-05 07:18:17 +0100,400,7.0,10.0,10.0,10.0,21.0,10.53,2.05,400,9.0,13.0,14.0,19.0,117.0,18.45,12.69,400,15.0,16.0,22.0,31.0,164.0,33.69,33.93
2014-03-05 07:48:28 +0100,400,2.0,10.0,10.0,10.0,21.0,10.9,2.74,400,10.0,13.0,14.0,20.0,239.0,20.63,21.63,400,15.0,18.75,25.0,37.0,190.0,34.82,27.17
2014-03-05 08:18:25 +0100,400,2.0,10.0,10.0,10.0,1521.0,22.7,130.46,400,12.0,13.0,14.5,21.0,123.0,20.78,16.94,400,15.0,18.0,23.0,28.0,164.0,30.33,26.52
2014-03-05 08:48:18 +0100,400,2.0,10.0,10.0,11.0,23.0,11.1,2.77,400,10.0,13.0,18.0,21.0,125.0,22.78,19.51,400,15.0,17.0,23.0,30.0,175.0,33.14,32.31
2014-03-05 09:19:26 +0100,400,7.0,10.0,10.0,10.0,30.0,10.99,2.94,400,11.02,13.02,16.01,22.04,130.0,22.22,19.85,400,15.0,18.0,25.0,31.0,176.0,30.24,23.33
2014-03-05 09:24:55 +0100,400,2.0,10.0,10.0,10.0,19.0,10.74,2.22,400,11.0,13.0,16.0,22.0,120.0,23.21,18.83,400,15.0,18.0,23.0,29.0,170.0,33.75,31.97
2014-03-05 09:48:18 +0100,400,7.0,10.0,10.0,10.0,22.0,10.87,2.54,400,10.0,13.0,15.0,20.0,115.0,21.66,20.46,400,15.0,17.0,23.0,29.0,172.0,33.2,32.43
2014-03-05 10:18:25 +0100,400,7.0,10.0,10.0,10.0,37.0,11.54,5.09,400,10.0,13.0,18.0,23.0,110.01,24.97,22.13,400,15.0,18.0,23.0,30.0,172.02,32.27,30.51
2014-03-05 10:48:26 +0100,400,7.0,10.0,10.0,11.0,27.0,11.14,2.56,400,10.0,13.0,17.0,23.0,111.01,22.49,18.17,400,15.0,18.0,24.0,29.0,174.02,29.83,26.81
2014-03-05 11:18:35 +0100,400,7.0,10.0,10.0,10.0,30.0,10.78,3.66,400,10.0,13.0,15.0,21.0,123.01,23.14,22.55,400,15.0,18.0,23.0,29.0,168.02,31.12,29.69
2014-03-05 11:48:46 +0100,400,2.0,10.0,10.0,10.0,37.0,11.24,4.04,400,10.0,13.0,14.0,20.0,112.01,19.49,14.75,400,15.0,18.0,25.0,32.0,177.02,34.6,31.33
2014-03-05 12:18:36 +0100,400,8.0,10.0,10.0,10.0,27.0,10.67,2.56,400,10.0,13.0,13.5,20.0,158.01,19.63,18.37,400,15.0,20.0,24.0,30.25,169.02,36.27,35.49
2014-03-05 12:50:50 +0100,400,2.0,10.0,10.0,10.0,24.0,10.82,2.53,400,9.0,13.0,16.0,21.0,115.01,22.34,20.16,400,15.0,19.0,25.0,35.0,161.02,33.74,27.41
2014-03-05 13:18:34 +0100,400,3.0,10.0,10.0,10.0,120.01,12.07,10.8,400,10.0,13.0,14.0,20.0,110.01,22.01,20.68,400,15.0,18.0,24.0,30.0,169.02,33.71,30.08
2014-03-05 13:48:47 +0100,400,8.0,10.0,10.0,11.0,25.0,11.06,2.67,400,11.0,13.0,15.0,20.0,102.01,19.06,10.54,400,15.0,19.0,24.0,30.25,165.02,35.8,34.32
2014-03-05 14:18:36 +0100,400,8.0,10.0,10.0,11.0,37.0,11.1,3.86,400,10.0,13.0,16.0,21.0,115.01,21.89,19.48,400,15.0,21.0,25.0,33.0,167.02,34.36,30.19
2014-03-05 14:48:46 +0100,400,2.0,10.0,10.0,10.0,63.0,10.82,3.84,400,12.0,13.0,16.0,21.25,117.0,23.77,21.14,400,15.0,20.0,25.0,34.25,168.0,36.25,32.47
2014-03-05 15:18:35 +0100,400,2.0,10.0,11.0,12.0,23.0,11.77,2.92,400,11.0,13.0,16.0,22.0,113.0,22.67,19.7,400,15.0,19.0,25.0,36.0,161.0,36.77,33.04
2014-03-05 15:48:48 +0100,400,7.0,10.0,10.0,10.0,44.0,10.99,3.19,400,10.0,13.0,15.0,21.0,109.0,22.09,19.93,400,15.0,20.0,26.0,36.0,160.0,37.74,34.19
2014-03-05 16:18:37 +0100,400,2.0,10.0,10.0,11.0,28.0,11.0,3.21,400,9.0,13.0,14.0,20.0,121.0,21.78,21.49,400,15.0,18.0,24.0,28.0,172.0,31.21,29.2
2014-03-05 16:48:44 +0100,400,2.0,10.0,10.0,10.0,26.0,11.14,3.47,400,10.0,13.0,14.0,20.0,116.0,22.95,22.48,400,15.0,20.0,25.0,33.0,194.0,34.95,33.13
2014-03-05 17:18:40 +0100,400,1.0,10.0,10.0,10.0,35.0,11.09,3.86,400,10.0,13.0,15.5,22.0,113.0,23.65,21.82,400,15.0,19.0,25.0,30.0,159.0,32.74,30.2
2014-03-05 17:48:35 +0100,400,4.0,10.0,10.0,11.0,30.0,11.19,3.44,400,10.0,13.0,16.5,23.0,124.0,23.42,20.31,400,15.0,19.0,25.0,31.0,187.0,34.1,31.95
2014-03-05 18:18:44 +0100,400,8.0,10.0,10.0,10.0,32.0,11.06,3.57,400,10.0,13.0,15.0,21.0,115.0,19.59,13.84,400,15.0,21.0,25.0,32.0,165.0,33.44,31.12
2014-03-05 18:48:31 +0100,400,8.0,10.0,10.0,11.0,30.0,11.33,3.13,400,12.0,13.0,16.0,22.0,136.0,22.62,20.94,400,15.0,19.0,25.0,32.0,165.0,29.36,20.67
2014-03-05 19:18:36 +0100,400,2.0,10.0,10.0,11.0,30.0,11.68,3.83,400,10.0,13.0,16.0,23.0,123.0,22.76,20.09,400,15.0,19.75,25.0,32.0,189.0,34.35,30.82
2014-03-05 19:48:49 +0100,400,2.0,10.0,10.0,10.0,43.0,11.25,4.36,400,10.0,14.0,19.0,22.0,124.0,24.39,21.99,400,15.0,22.0,28.0,40.25,174.0,40.81,36.13
2014-03-05 20:18:45 +0100,400,4.0,10.0,10.0,11.0,32.0,11.19,3.54,400,10.0,13.0,16.0,22.0,125.0,20.86,15.5,400,15.0,20.0,25.0,33.0,172.0,35.74,34.29
2014-03-05 20:48:38 +0100,400,8.0,10.0,10.0,10.25,27.0,11.39,3.52,400,10.0,13.0,14.0,22.0,124.0,23.13,22.66,400,15.0,21.0,26.0,36.0,166.0,36.69,31.09
2014-03-05 21:18:30 +0100,400,3.0,10.0,10.0,10.0,39.0,11.27,3.96,400,11.0,13.0,16.5,23.0,383.0,24.26,27.65,400,15.0,21.0,26.0,35.0,175.0,39.21,35.98
2014-03-05 21:48:45 +0100,400,9.0,10.0,10.0,11.0,37.0,11.72,4.81,400,10.0,13.0,15.0,22.0,116.0,22.53,20.69,400,15.0,19.0,25.0,31.0,175.0,32.48,28.45
2014-03-05 22:18:47 +0100,400,3.0,10.0,10.0,10.0,56.0,11.61,6.57,400,11.0,13.0,16.0,23.0,129.0,22.47,19.34,400,15.0,19.0,24.0,29.0,167.0,32.68,31.51
2014-03-05 22:48:35 +0100,400,8.0,10.0,10.0,10.0,23.0,10.78,2.45,400,10.0,13.0,15.0,22.0,125.0,22.68,19.84,400,15.0,19.0,24.0,29.0,181.0,30.86,25.41
2014-03-05 23:18:37 +0100,400,2.0,10.0,10.0,10.0,35.0,11.17,3.8,400,10.0,14.0,18.0,23.0,124.0,23.63,20.18,400,15.0,19.0,25.0,36.0,157.0,36.83,32.95
2014-03-05 23:48:32 +0100,400,8.0,10.0,10.0,10.0,31.0,11.26,4.01,400,12.0,13.0,16.0,21.0,129.0,22.45,20.84,400,15.0,16.0,23.0,28.0,179.0,30.9,29.48
2014-03-06 00:48:39 +0100,400,7.0,10.0,10.0,10.0,24.0,10.72,2.51,400,10.0,13.0,14.0,20.0,113.0,18.81,12.95,400,15.0,16.0,21.0,25.0,166.0,28.43,28.26
2014-03-06 01:31:58 +0100,400,2.0,10.0,10.0,10.0,34.0,11.29,4.03,400,9.0,13.0,14.5,20.0,114.01,21.21,20.31,400,15.0,16.0,21.0,26.0,226.02,31.72,40.59
2014-03-06 01:48:37 +0100,400,3.0,10.0,10.0,10.0,33.0,10.38,2.39,400,10.0,13.0,14.0,20.0,124.01,21.03,19.5,400,15.0,16.0,22.0,26.0,173.02,29.0,28.85
2014-03-06 02:18:29 +0100,400,1.0,10.0,10.0,10.0,32.0,10.8,3.6,400,11.0,13.0,15.0,20.0,118.01,19.44,13.69,400,15.0,16.0,22.0,28.0,207.02,31.24,31.64
2014-03-06 02:48:44 +0100,400,3.0,10.0,10.0,11.0,24.0,10.95,2.61,400,10.0,13.0,15.0,20.0,136.01,21.76,20.37,400,15.0,16.0,22.0,26.0,161.02,29.5,29.66
2014-03-06 03:18:35 +0100,400,2.0,10.0,10.0,10.0,60.01,11.06,3.64,400,10.0,13.0,15.0,20.0,123.01,19.4,14.62,400,15.0,16.0,21.0,25.0,176.02,27.22,27.03
2014-03-06 03:48:29 +0100,400,1.0,10.0,10.0,10.0,32.0,10.8,3.23,400,9.0,13.0,14.0,20.0,127.01,22.78,21.4,400,15.0,16.0,22.0,25.0,170.02,27.28,26.16
2014-03-06 04:18:43 +0100,400,2.0,10.0,10.0,10.0,93.01,11.36,7.38,400,9.0,13.0,14.0,19.0,119.01,21.13,19.51,400,15.0,16.0,21.0,25.0,161.02,25.3,19.2
2014-03-06 04:48:40 +0100,400,2.0,10.0,10.0,11.0,22.0,10.97,2.49,400,10.0,13.0,14.0,20.0,128.01,19.11,14.65,400,15.0,16.0,21.5,27.0,174.02,32.55,33.4
2014-03-06 05:18:39 +0100,400,2.0,10.0,10.0,10.0,80.01,11.36,6.91,400,11.0,13.0,14.0,20.0,264.03,20.92,21.68,400,15.0,16.0,21.0,26.0,169.02,28.4,27.28
2014-03-06 05:48:33 +0100,400,3.0,10.0,10.0,11.0,36.0,11.02,3.9,400,10.0,13.0,14.0,20.0,210.02,19.92,18.36,400,15.0,16.0,22.0,25.0,170.02,26.0,21.25
2014-03-06 06:18:29 +0100,400,2.0,10.0,10.0,10.0,40.0,11.05,4.09,400,9.0,13.0,14.0,20.0,117.01,19.84,16.79,400,15.0,16.0,22.0,27.0,178.02,32.13,32.93
2014-03-06 06:48:47 +0100,400,3.0,10.0,10.0,10.0,72.01,11.2,5.47,400,10.0,13.0,14.0,20.0,123.01,21.12,18.93,400,15.0,16.0,22.0,26.0,168.02,26.64,22.96
2014-03-06 07:18:40 +0100,400,7.0,10.0,10.0,10.0,66.01,11.31,4.01,400,9.0,13.0,15.0,21.0,276.03,22.81,24.45,400,15.0,16.0,22.0,28.0,241.02,30.06,29.91
2014-03-06 07:48:42 +0100,400,2.0,10.0,10.0,11.0,25.0,11.1,2.48,400,10.0,13.0,14.5,20.0,137.01,22.57,23.05,400,14.0,17.0,23.0,30.0,176.02,34.47,35.02
2014-03-06 09:35:00 +0100,400,3.0,10.0,10.0,10.0,22.0,10.5,2.6,400,10.0,13.0,14.0,21.0,111.01,23.32,22.04,400,15.0,17.0,23.0,27.0,158.02,26.72,17.34
2014-03-06 09:48:37 +0100,400,3.0,10.0,10.0,10.0,30.0,10.9,2.84,400,12.0,13.0,14.0,21.0,111.01,24.18,23.43,400,15.0,17.0,23.0,28.0,179.02,29.46,27.64
2014-03-06 10:18:32 +0100,400,1.0,10.0,10.0,10.0,32.0,10.81,2.37,400,10.0,13.0,15.0,21.0,128.01,22.66,22.02,400,15.0,17.0,24.0,31.0,182.02,35.22,35.46
2014-03-06 10:48:30 +0100,400,7.0,10.0,10.0,10.0,80.01,11.1,4.46,400,10.0,13.0,14.0,20.0,173.02,24.06,30.74,400,15.0,18.0,24.0,29.0,178.02,32.22,30.81
2014-03-06 11:10:18 +0100,400,8.0,10.0,10.0,10.0,26.0,10.81,2.58,400,10.0,13.0,16.0,21.0,118.01,22.25,19.41,400,15.0,18.0,25.0,30.0,169.02,33.0,31.21
2014-03-06 11:27:58 +0100,400,8.0,10.0,10.0,10.0,36.0,10.83,3.55,400,11.0,13.0,15.0,21.0,115.01,22.82,21.41,400,15.0,18.0,23.0,28.0,230.02,31.14,35.66
2014-03-06 11:48:48 +0100,400,4.0,10.0,10.0,10.0,26.0,10.87,2.64,400,10.0,13.0,15.0,21.0,132.01,22.12,22.19,400,15.0,18.0,24.0,31.0,180.02,32.24,29.92
2014-03-06 12:18:33 +0100,400,8.0,10.0,10.0,10.0,67.01,11.17,4.19,400,10.0,13.0,16.0,22.0,125.01,23.1,20.7,400,15.0,19.0,24.5,31.25,183.02,33.15,29.78
2014-03-06 12:48:32 +0100,400,2.0,10.0,10.0,13.0,30.0,11.64,3.06,400,10.0,13.0,16.0,21.0,113.01,20.08,13.64,400,15.0,18.0,24.0,29.0,158.01,28.55,20.53
2014-03-06 13:18:45 +0100,400,3.0,10.0,10.0,11.0,34.0,11.58,4.38,400,11.0,13.0,15.0,22.0,128.01,22.91,22.06,400,15.0,18.0,24.0,28.0,179.02,30.66,26.55
2014-03-06 13:48:43 +0100,400,3.0,10.0,10.0,10.0,68.01,11.12,5.19,400,11.0,13.0,16.0,23.0,104.01,24.59,22.03,400,15.0,18.0,25.0,33.0,168.02,34.66,32.84
2014-03-06 14:18:42 +0100,400,2.0,10.0,10.0,11.0,24.0,11.07,2.76,400,12.0,13.0,16.0,21.0,333.03,22.61,24.87,400,15.0,19.0,25.0,32.25,204.02,35.88,35.52
2014-03-06 14:48:38 +0100,400,3.0,10.0,10.0,10.0,40.0,11.09,4.0,400,10.0,13.0,14.0,20.0,222.02,23.6,25.08,400,15.0,18.0,24.0,32.0,176.02,34.8,36.23
2014-03-06 15:18:31 +0100,400,2.0,10.0,10.0,10.0,26.0,11.01,3.02,400,10.0,13.0,14.0,20.0,113.01,21.14,18.51,400,15.0,19.0,24.0,30.0,180.02,32.77,31.34
2014-03-06 15:48:36 +0100,400,2.0,10.0,10.0,11.0,83.0,13.85,13.78,400,10.0,13.0,15.0,20.0,122.0,21.47,19.73,400,15.0,18.0,24.0,29.0,163.0,30.95,27.39
2014-03-06 16:18:35 +0100,400,2.0,10.0,10.0,10.0,66.01,11.21,4.14,400,12.0,13.0,15.0,22.0,111.01,23.81,21.87,400,15.0,19.0,24.0,30.0,182.02,30.95,28.03
2014-03-06 16:50:32 +0100,400,7.0,10.0,10.0,10.0,28.0,10.75,2.7,400,10.0,13.0,14.0,20.0,124.01,23.68,25.62,400,15.0,19.0,25.0,31.0,171.02,33.63,32.37
2014-03-06 17:18:38 +0100,400,8.0,10.0,10.0,10.0,28.0,10.99,2.71,400,10.0,13.0,14.0,21.0,123.0,21.2,17.73,400,15.0,18.0,23.0,28.0,174.0,28.2,23.25
2014-03-06 17:48:38 +0100,400,7.0,10.0,10.0,10.0,71.0,11.48,5.29,400,10.0,13.0,15.0,22.0,229.0,23.9,25.02,400,15.0,20.0,26.0,35.0,201.0,37.79,37.02
2014-03-06 18:18:44 +0100,400,2.0,10.0,10.0,11.0,73.0,11.36,5.01,400,10.0,13.0,16.0,23.0,238.0,25.49,27.41,400,14.0,19.0,25.0,30.0,211.0,33.73,33.09
2014-03-06 18:48:36 +0100,400,8.0,10.0,10.0,10.0,26.0,10.79,2.64,400,10.0,13.0,14.0,21.0,146.01,22.38,22.08,400,15.0,22.0,32.0,97.01,616.06,68.35,79.95
2014-03-06 19:18:41 +0100,400,2.0,10.0,10.0,11.0,33.0,11.74,3.88,400,10.0,13.0,15.5,22.25,122.01,23.07,21.01,400,15.0,21.0,27.0,36.25,187.02,37.5,33.27
2014-03-06 19:48:44 +0100,400,4.0,10.0,10.0,12.0,66.01,12.08,4.5,400,9.0,13.0,16.0,22.0,116.01,23.3,21.89,400,15.0,20.0,24.5,30.0,181.02,32.53,30.75
2014-03-06 20:18:41 +0100,400,4.0,10.0,10.0,10.0,76.01,11.52,6.98,400,10.0,13.0,15.0,23.0,304.03,23.52,25.09,400,15.0,18.0,24.0,31.25,194.02,33.27,31.49
2014-03-06 20:48:37 +0100,400,7.0,10.0,10.0,10.0,59.01,11.36,5.41,400,10.0,13.0,20.0,23.0,172.02,25.26,23.11,400,15.0,21.0,25.0,33.25,168.02,35.72,30.65
2014-03-06 21:18:35 +0100,400,4.0,10.0,10.0,11.0,120.01,12.57,11.28,400,12.0,13.0,14.5,20.0,113.01,19.79,14.27,400,15.0,18.0,24.0,32.0,173.02,32.59,28.06
2014-03-06 21:48:47 +0100,400,3.0,10.0,10.0,10.0,34.0,10.88,3.56,400,12.0,13.0,15.0,20.0,123.0,22.4,20.9,400,15.0,19.0,25.0,34.0,203.0,36.14,33.82
2014-03-06 22:18:37 +0100,400,7.0,10.0,10.0,10.0,81.0,11.37,8.1,400,10.0,13.0,14.0,20.0,215.0,22.31,23.18,400,15.0,18.0,25.0,32.0,160.0,35.76,33.49
2014-03-06 22:48:28 +0100,400,7.0,10.0,10.0,10.0,38.0,11.24,4.39,400,10.0,13.0,16.0,23.0,117.01,22.63,18.13,400,15.0,20.0,25.0,30.0,164.02,33.17,29.69
2014-03-06 23:18:43 +0100,400,2.0,10.0,10.0,10.0,80.01,11.37,5.43,400,10.0,13.0,15.0,21.0,123.01,22.73,21.46,400,15.0,20.0,25.0,32.0,164.02,35.09,32.86
2014-03-06 23:48:35 +0100,400,8.0,10.0,10.0,10.0,30.0,11.35,4.15,400,10.0,13.0,14.0,20.0,111.01,18.83,13.1,400,15.0,18.0,23.0,26.25,171.02,30.88,31.82
2014-03-07 00:48:38 +0100,400,2.0,10.0,10.0,10.0,33.0,10.95,3.58,400,10.0,13.0,14.0,20.0,193.02,22.58,22.98,400,15.0,16.0,22.0,26.0,177.02,31.72,31.86
2014-03-07 01:32:17 +0100,400,1.0,10.0,10.01,11.0,22.03,10.9,2.75,400,12.0,13.0,15.0,20.0,120.01,22.22,20.57,400,15.0,17.0,22.0,26.0,182.02,27.73,24.0
2014-03-07 01:48:50 +0100,400,7.0,10.0,10.0,11.0,24.0,10.97,2.57,400,9.0,13.0,15.0,20.0,117.01,21.5,21.06,400,14.0,16.0,22.0,27.0,169.02,30.61,30.56
2014-03-07 02:18:46 +0100,400,7.0,10.0,10.0,10.0,61.01,11.46,4.91,400,10.0,13.0,14.0,20.0,123.01,21.66,21.34,400,15.0,16.0,22.0,29.25,162.02,32.05,30.7
2014-03-07 02:48:37 +0100,400,2.0,10.0,10.0,10.0,30.0,10.24,2.07,400,9.0,13.0,15.0,21.0,114.01,21.51,18.52,400,15.0,16.0,22.0,26.0,169.02,26.32,20.95
2014-03-07 03:18:45 +0100,400,8.0,10.0,10.0,10.0,22.0,10.68,2.38,400,10.0,13.0,14.0,20.0,118.01,19.58,15.7,400,15.0,16.0,21.0,25.0,164.02,25.14,19.71
2014-03-07 03:48:41 +0100,400,2.0,10.0,10.0,10.0,25.0,10.25,2.05,400,10.0,13.0,15.0,20.0,110.01,21.03,17.81,400,14.0,16.0,22.0,28.0,198.02,34.09,36.78
2014-03-07 04:18:45 +0100,400,7.0,10.0,10.0,10.0,30.0,10.94,2.91,400,11.0,13.0,14.0,20.0,147.02,21.03,19.53,400,15.0,16.0,21.0,25.25,150.02,25.5,18.93
2014-03-07 04:48:34 +0100,400,1.0,10.0,10.0,10.0,40.0,11.39,4.31,400,11.0,13.0,15.0,20.0,114.01,19.03,12.6,400,15.0,16.75,22.0,27.0,170.02,31.9,31.5
2014-03-07 05:18:46 +0100,400,2.0,10.0,10.0,11.0,21.0,11.05,2.61,400,10.0,13.0,17.0,20.0,119.01,22.56,20.63,400,15.0,17.0,22.0,29.0,179.02,33.3,32.61
2014-03-07 05:48:41 +0100,400,2.0,10.0,10.0,11.0,23.0,11.0,2.49,400,9.0,13.0,14.0,20.0,115.01,18.76,13.19,400,15.0,16.0,22.0,27.0,167.02,29.07,26.86
2014-03-07 06:18:35 +0100,400,2.0,10.0,10.0,11.0,170.02,12.35,12.9,400,10.0,13.0,14.0,20.0,124.01,19.0,14.63,400,14.0,16.0,22.0,31.0,168.02,34.48,34.77
2014-03-07 06:48:46 +0100,400,2.0,10.0,10.0,10.0,23.0,11.4,3.14,400,10.0,13.0,14.0,20.0,111.01,21.93,21.13,400,15.0,16.0,21.0,26.0,160.02,25.28,19.21
2014-03-07 07:18:39 +0100,400,3.0,10.0,10.0,10.0,32.0,11.25,3.96,400,10.0,13.0,15.0,21.0,113.01,21.74,19.54,400,15.0,17.0,23.0,28.0,173.02,34.34,34.68
2014-03-07 07:48:36 +0100,400,1.0,10.0,10.0,17.0,23.0,12.55,3.58,400,12.0,13.0,14.0,20.0,121.01,21.55,19.59,400,15.0,16.0,23.0,28.0,173.02,28.45,24.78
2014-03-07 08:18:40 +0100,400,7.0,10.0,10.0,10.0,90.01,11.4,6.84,400,10.0,13.0,14.0,21.0,119.01,23.94,22.79,400,15.0,17.0,23.0,29.25,194.02,30.17,26.55
2014-03-07 08:48:45 +0100,400,4.0,10.0,10.0,11.0,22.0,11.06,2.41,400,10.0,13.0,14.5,20.0,117.01,21.21,19.47,400,15.0,17.0,22.0,27.0,193.02,31.08,32.79
2014-03-07 09:18:36 +0100,400,4.0,10.0,10.0,10.0,25.0,10.92,2.72,400,10.0,13.0,16.0,20.0,115.01,19.54,15.45,400,14.0,17.0,24.0,32.0,181.02,31.6,28.27
2014-03-07 09:48:32 +0100,400,8.0,10.0,10.0,10.0,25.0,10.84,2.57,400,10.0,13.0,15.0,20.0,127.01,22.23,21.18,400,15.0,18.75,24.0,32.0,172.02,32.93,29.62
2014-03-07 10:18:42 +0100,400,8.0,10.0,10.0,11.0,36.0,11.35,4.27,400,9.0,13.0,14.0,20.0,116.01,18.59,13.48,400,15.0,17.0,22.0,27.0,183.02,29.72,27.97
2014-03-07 10:48:43 +0100,400,7.0,10.0,10.0,12.0,23.0,11.9,3.25,400,10.0,13.0,15.0,21.0,121.01,22.11,20.0,400,15.0,18.0,23.5,30.0,175.02,28.62,21.42
2014-03-07 11:18:33 +0100,400,2.0,10.0,10.0,10.0,60.01,11.21,5.18,400,9.0,13.0,18.0,22.0,109.01,20.97,14.33,400,15.0,19.75,25.0,32.0,177.02,32.92,29.98
2014-03-07 12:04:05 +0100,400,3.0,10.0,10.0,11.0,23.0,10.7,2.53,400,12.0,13.0,16.0,21.0,108.01,21.14,15.09,400,15.0,20.75,25.0,34.25,167.02,37.88,35.06
2014-03-07 12:18:35 +0100,400,3.0,10.0,10.0,10.0,29.0,10.7,2.53,400,10.0,13.0,16.0,22.0,130.01,23.36,22.63,400,15.0,19.75,25.0,34.0,185.02,33.67,29.67
2014-03-07 12:48:30 +0100,400,8.0,10.0,10.0,10.0,68.01,11.03,3.96,400,10.0,13.0,15.5,22.0,117.01,20.98,15.5,400,15.0,22.0,25.5,33.0,168.02,33.9,27.3
2014-03-07 13:18:45 +0100,400,8.0,10.0,10.0,12.0,30.0,11.25,2.27,400,10.0,13.0,14.0,20.0,126.01,20.95,18.52,400,15.0,18.0,24.0,29.0,180.02,28.28,21.05
2014-03-07 13:48:45 +0100,400,7.0,10.0,10.0,10.0,24.0,10.7,2.68,400,10.0,13.0,15.0,23.0,122.01,27.72,27.45,400,15.0,20.75,26.0,38.0,179.02,42.83,40.76
2014-03-07 14:18:38 +0100,400,7.0,10.0,10.0,10.0,40.0,11.54,4.92,400,9.0,14.0,19.0,22.25,116.01,26.31,23.3,400,15.0,21.0,25.0,35.0,160.02,37.94,34.15
2014-03-07 14:54:45 +0100,400,8.0,10.0,10.0,10.0,31.0,11.28,4.24,400,10.0,13.0,15.0,21.0,133.01,22.24,20.31,400,15.0,20.0,25.0,34.25,192.02,39.75,39.33
2014-03-07 15:22:57 +0100,400,9.0,10.0,10.0,12.0,26.0,11.48,2.72,400,9.0,13.0,14.0,21.0,122.01,23.56,23.41,400,15.0,19.0,25.0,32.0,174.02,36.97,36.16
2014-03-07 15:40:25 +0100,400,5.01,10.0,10.01,11.0,29.04,11.27,2.92,400,11.0,13.0,16.0,23.0,115.01,24.21,20.2,400,15.0,21.0,25.0,33.0,170.02,33.4,30.04,1.6
2014-03-07 15:48:43 +0100,400,7.0,10.0,10.0,10.0,39.0,10.88,2.98,400,10.0,13.0,15.0,20.0,105.01,19.15,13.05,400,15.0,19.0,25.0,31.0,169.02,32.86,29.72,1.6
2014-03-07 16:03:39 +0100,400,2.0,10.0,10.0,11.0,23.0,11.25,2.8,400,10.0,13.0,16.0,23.25,131.01,24.35,21.92,400,15.0,19.0,25.0,33.0,171.02,35.15,33.32,1.4
2014-03-07 16:18:30 +0100,400,2.0,10.0,10.0,11.0,30.01,11.18,3.02,400,10.0,13.0,17.0,23.0,115.01,22.35,17.4,400,15.0,20.0,25.0,33.0,168.02,34.99,29.92,1.8
2014-03-07 16:48:35 +0100,400,3.0,10.0,10.0,10.0,36.0,10.95,3.69,400,10.0,13.0,16.0,22.0,118.01,24.01,24.09,400,15.0,22.0,26.0,35.0,163.02,38.67,34.67,2.2
2014-03-07 17:18:30 +0100,400,3.0,10.0,10.0,10.0,72.01,11.67,5.53,400,10.0,13.0,17.0,23.0,123.01,23.18,21.57,400,15.0,22.0,26.0,34.0,169.02,35.66,31.96,1.6
2014-03-07 17:48:36 +0100,400,7.0,10.0,10.0,10.0,30.0,11.06,2.97,400,11.0,13.0,15.0,21.25,118.01,23.55,22.82,400,15.0,21.0,26.0,36.0,186.02,38.24,34.66,2.4
2014-03-07 18:18:34 +0100,400,8.0,10.0,10.0,11.0,23.0,10.86,2.49,400,11.0,13.0,16.0,23.0,112.01,22.7,19.61,400,15.0,20.0,25.0,35.0,186.02,35.56,32.04,2.8
2014-03-07 18:48:32 +0100,400,3.0,10.0,10.0,10.0,29.0,10.57,2.47,400,10.0,13.0,16.0,22.0,149.02,20.84,16.09,400,15.0,20.0,25.0,33.0,164.02,35.73,33.69,1.4
2014-03-07 19:18:32 +0100,400,4.0,10.0,10.0,11.0,30.0,11.11,2.89,400,10.0,13.0,16.0,23.0,122.01,23.01,20.98,400,15.0,20.0,25.0,34.0,172.02,35.4,32.22,1.4
2014-03-07 19:48:30 +0100,400,4.0,10.0,10.0,11.0,25.01,11.01,3.07,400,10.0,13.0,16.0,23.0,114.01,23.04,19.51,400,15.0,21.0,25.0,32.0,164.02,36.95,34.46,1.4
2014-03-07 20:18:48 +0100,400,8.0,10.0,10.0,10.0,34.0,11.15,4.2,400,10.0,13.0,14.0,20.0,117.01,21.35,20.22,400,15.0,22.0,27.0,38.0,179.02,38.34,33.47,2.8
2014-03-07 20:48:31 +0100,400,4.0,10.0,10.0,10.0,24.0,10.74,2.98,400,11.0,13.0,16.0,22.25,114.01,23.33,21.33,400,15.0,21.0,25.0,33.0,166.02,33.14,27.6,1.4
2014-03-07 21:18:33 +0100,400,7.0,10.0,10.0,10.0,36.0,11.63,4.66,400,10.0,13.0,18.0,22.0,112.01,23.81,21.4,400,15.0,21.0,26.0,35.0,162.02,36.01,32.14,1.4
2014-03-07 21:48:46 +0100,400,4.0,10.0,10.0,10.0,20.0,10.62,2.28,400,10.0,13.0,16.0,23.0,131.01,23.28,20.18,400,15.0,19.75,25.0,33.0,164.02,33.0,28.62,1.4
2014-03-07 22:18:42 +0100,400,8.0,10.0,10.0,10.0,180.02,11.32,9.16,400,10.0,13.0,15.0,22.0,114.01,21.91,18.68,400,15.0,20.0,25.0,34.0,180.02,36.87,34.21,3.2
2014-03-07 22:48:41 +0100,400,2.0,10.0,10.0,10.0,22.0,10.95,2.63,400,12.0,13.0,16.0,21.0,115.01,22.67,21.0,400,15.0,19.0,24.0,29.25,164.02,28.41,19.81,1.2
2014-03-07 23:18:29 +0100,400,7.0,10.0,10.01,10.02,66.02,11.19,3.91,400,11.0,13.0,16.0,22.0,112.01,24.52,21.1,400,15.0,18.0,24.5,32.0,167.02,36.39,35.83,1.4
2014-03-07 23:48:46 +0100,400,3.0,10.0,10.0,10.0,25.02,10.25,1.84,400,10.0,13.0,14.0,19.0,124.01,20.38,19.22,400,15.0,18.0,24.0,32.0,278.03,35.15,36.42,1.4
2014-03-08 00:48:48 +0100,400,3.0,10.0,10.0,10.0,31.0,10.33,2.14,400,10.0,13.0,14.0,19.0,113.01,18.48,13.23,400,15.0,17.0,22.0,26.0,165.02,29.22,28.68,1.6
2014-03-08 01:31:57 +0100,400,2.0,10.0,10.0,10.0,28.0,10.78,2.59,400,10.0,13.0,15.0,20.0,117.01,19.15,13.31,400,15.0,16.0,22.0,27.25,170.02,29.4,25.9,1.6
2014-03-08 01:48:42 +0100,400,2.0,10.0,10.0,11.0,22.0,11.62,3.26,400,10.0,13.0,13.0,19.0,107.01,18.4,13.21,400,15.0,18.0,22.0,26.0,161.02,28.66,24.09,1.6
2014-03-08 02:18:42 +0100,400,2.0,10.0,10.0,10.0,22.0,10.63,2.82,400,9.0,13.0,14.0,19.0,108.01,18.36,12.18,400,15.0,16.0,21.0,26.0,164.02,25.38,19.17,1.8
2014-03-08 02:48:38 +0100,400,2.0,10.0,10.0,10.0,36.0,10.77,3.64,400,12.0,13.0,14.0,20.0,118.01,20.89,18.77,400,15.0,16.0,22.0,26.0,172.02,30.79,30.82,1.4
2014-03-08 03:18:30 +0100,400,2.0,10.0,10.01,10.02,22.05,10.8,2.47,400,10.0,13.0,14.0,20.0,114.01,21.39,19.56,400,14.0,16.0,21.5,25.25,166.02,25.96,20.37,1.4
2014-03-08 03:48:48 +0100,400,7.0,10.0,10.0,10.0,36.0,11.01,3.76,400,10.0,13.0,15.0,20.0,127.01,23.19,23.4,400,15.0,16.0,22.0,27.0,166.02,29.51,29.29,1.6
2014-03-08 04:18:40 +0100,400,1.0,10.0,10.0,10.0,22.0,10.79,2.46,400,9.0,13.0,13.0,19.0,114.01,19.05,16.4,400,15.0,16.0,22.0,25.0,169.02,26.16,20.54,1.4
2014-03-08 04:48:48 +0100,400,2.0,10.0,10.0,10.0,70.01,11.19,6.03,400,9.0,12.75,14.0,21.0,118.01,21.03,18.43,400,14.0,16.0,22.0,25.0,150.02,25.68,19.51,1.6
2014-03-08 05:18:42 +0100,400,7.0,10.0,10.0,10.0,80.01,11.56,6.49,400,9.0,13.0,15.0,20.0,114.01,18.94,13.56,400,15.0,16.0,22.0,27.0,168.02,29.67,29.17,1.2
2014-03-08 05:48:55 +0100,400,7.0,10.0,10.0,10.0,22.0,10.77,2.44,400,10.0,13.0,14.0,20.0,115.01,21.95,18.99,400,15.0,16.0,21.0,25.0,154.02,25.21,19.61,1.4
2014-03-08 06:18:45 +0100,400,2.0,10.0,10.0,10.0,32.0,10.82,3.5,400,9.0,13.0,14.0,20.0,173.02,19.76,18.06,400,14.0,16.0,21.0,26.0,161.02,28.12,26.18,1.4
2014-03-08 06:48:41 +0100,400,2.0,10.0,10.0,10.0,23.0,10.87,2.62,400,12.0,13.0,14.0,20.0,109.01,20.94,18.25,400,15.0,16.0,21.0,26.0,165.02,28.69,27.69,1.4
2014-03-08 07:18:39 +0100,400,2.0,10.0,10.0,11.0,28.0,10.7,2.68,400,9.0,13.0,16.0,21.0,108.01,22.11,19.53,400,15.0,16.0,22.0,27.0,214.02,30.84,32.56,1.4
2014-03-08 07:48:35 +0100,400,8.0,10.0,10.0,10.0,21.02,10.82,2.43,400,10.0,13.0,16.0,22.0,173.02,25.31,26.49,400,15.0,17.0,22.0,26.25,168.02,29.52,27.12,1.8
2014-03-08 08:18:29 +0100,400,2.0,10.02,10.05,10.14,33.0,10.88,3.6,400,10.0,13.0,15.0,21.0,105.01,19.12,12.3,400,15.0,18.0,24.0,35.0,161.02,32.59,25.88,3.2
2014-03-08 08:48:48 +0100,400,8.0,10.0,10.0,10.0,32.0,11.21,4.09,400,10.0,13.0,14.0,20.0,110.01,21.97,20.14,400,15.0,18.0,24.0,32.0,152.02,36.27,34.91,1.6
2014-03-08 09:18:43 +0100,400,3.0,10.0,10.0,10.25,21.0,10.76,2.01,400,12.0,13.0,15.0,20.0,125.01,19.77,16.36,400,15.0,19.0,24.0,29.0,184.02,32.05,29.34,1.6
2014-03-08 09:48:43 +0100,400,7.0,10.0,10.0,10.0,22.0,10.79,2.42,400,10.0,13.0,14.0,20.0,110.01,19.5,15.67,400,15.0,17.0,22.5,27.0,161.02,31.1,31.1,1.6
2014-03-08 10:18:39 +0100,400,7.0,10.0,10.0,10.0,22.0,10.63,2.23,400,9.0,13.0,15.0,20.0,113.01,21.91,19.42,400,15.0,18.0,23.0,30.25,164.02,31.91,30.01,2.2
2014-03-08 10:48:36 +0100,400,8.0,10.0,10.0,10.0,90.01,12.43,10.1,400,9.0,13.0,15.0,21.0,123.01,21.94,19.97,400,15.0,18.0,24.0,28.0,155.01,27.41,19.54,8.8
2014-03-08 11:18:31 +0100,400,2.0,10.0,10.0,10.0,70.01,11.51,6.41,400,12.0,13.0,14.0,20.0,96.01,18.49,12.5,400,15.0,18.0,24.0,29.0,231.02,33.33,38.16,2.0
2014-03-08 11:48:31 +0100,400,7.0,10.0,10.04,10.11,23.0,11.03,2.62,400,9.0,13.0,14.0,23.0,107.01,25.16,22.87,400,15.0,20.0,25.0,33.0,172.02,33.21,28.85,1.6
2014-03-08 12:18:30 +0100,400,7.0,10.0,10.0,10.0,32.0,11.15,3.97,400,10.0,13.0,14.0,21.0,121.01,21.66,19.16,400,15.0,20.0,24.0,31.25,167.02,33.1,29.61,1.8
2014-03-08 12:48:34 +0100,400,1.0,10.01,10.04,10.11,30.04,10.98,3.0,400,10.0,13.0,14.0,20.0,124.01,22.45,22.0,400,15.0,19.0,25.0,31.0,169.02,33.35,31.7,1.4
2014-03-08 13:18:35 +0100,400,2.0,10.0,10.0,10.0,22.0,10.86,2.74,400,10.0,13.0,16.0,22.0,148.02,22.94,21.79,400,15.0,20.0,25.0,34.0,175.02,37.75,35.06,1.6
2014-03-08 13:48:41 +0100,400,2.0,10.0,10.0,10.0,70.01,11.36,6.14,400,12.0,13.0,16.0,20.0,116.01,21.3,17.68,400,15.0,19.0,24.0,28.0,155.01,28.11,19.92,1.6
2014-03-08 14:18:40 +0100,400,8.0,10.0,10.0,10.0,180.02,12.01,14.04,400,12.0,13.0,14.0,20.0,99.01,18.86,12.69,400,15.0,19.0,25.0,32.0,162.02,35.14,32.64,1.6
2014-03-08 14:48:42 +0100,400,3.0,10.0,10.0,10.0,41.0,11.46,4.05,400,9.0,13.0,15.0,20.0,262.03,22.89,25.92,400,15.0,19.0,24.0,29.0,160.02,33.29,31.35,1.8
2014-03-08 15:18:44 +0100,400,7.0,10.0,10.0,10.0,36.0,10.98,4.04,400,12.0,13.0,15.0,22.0,162.02,22.31,20.75,400,15.0,20.0,25.0,33.25,170.02,35.38,32.22,1.6
2014-03-08 15:48:45 +0100,400,2.0,10.0,10.0,10.0,50.01,11.32,5.38,400,10.0,13.0,15.0,21.0,207.02,24.01,25.92,400,14.0,19.0,24.5,31.0,171.02,29.21,21.64,1.4
2014-03-08 16:18:44 +0100,400,4.0,10.0,10.0,10.0,40.0,10.93,3.87,400,10.0,13.0,16.0,23.0,104.01,25.44,23.18,400,14.0,19.0,24.0,32.0,168.02,32.99,29.27,1.6
2014-03-08 16:48:45 +0100,400,2.0,10.0,10.0,10.0,110.01,11.64,9.01,400,9.0,13.0,14.0,20.0,121.01,21.43,20.27,400,15.0,19.0,25.0,32.0,179.02,35.93,34.01,3.2
2014-03-08 17:18:44 +0100,400,2.0,10.0,10.0,10.0,38.0,11.29,3.75,400,12.0,13.0,14.0,20.0,110.01,21.28,18.3,400,15.0,18.0,24.0,30.0,158.02,31.02,27.07,2.0
2014-03-08 17:48:45 +0100,400,2.0,10.0,10.0,10.0,28.0,10.93,2.83,400,11.0,13.0,15.0,22.0,123.01,22.24,19.98,400,15.0,21.0,25.0,31.0,157.02,33.34,30.44,1.4
2014-03-08 18:18:43 +0100,400,2.0,10.0,10.0,10.0,25.0,10.97,2.83,400,10.0,13.0,17.0,23.0,115.01,22.62,19.01,400,15.0,20.0,25.0,33.0,173.02,36.8,33.69,1.2
2014-03-08 18:48:42 +0100,400,8.0,10.0,10.0,10.0,31.01,11.06,3.37,400,10.0,13.0,14.0,20.0,114.01,21.29,19.74,400,15.0,21.0,26.0,33.0,164.02,35.76,32.04,1.8
2014-03-08 19:18:41 +0100,400,4.0,10.0,10.0,10.0,34.0,11.0,2.96,400,9.0,13.0,18.0,22.0,112.01,23.5,19.67,400,15.0,23.0,27.0,38.0,165.02,38.96,33.17,1.8
2014-03-08 19:48:39 +0100,400,3.0,10.0,10.0,10.0,25.99,10.84,2.89,400,11.0,13.0,15.0,22.0,119.01,22.6,20.85,400,15.0,21.0,25.0,35.0,255.03,41.4,41.61,2.4
2014-03-08 20:18:46 +0100,400,7.0,10.0,10.0,10.0,24.0,10.63,2.34,400,10.0,13.0,14.0,20.0,126.01,20.69,18.88,400,15.0,22.0,26.0,35.0,158.02,38.25,34.09,2.2
2014-03-08 20:48:45 +0100,400,7.0,10.0,10.0,10.0,22.01,10.92,2.59,400,12.0,13.0,19.0,23.0,108.01,21.27,14.44,400,15.0,21.0,25.0,32.0,174.02,32.06,28.22,4.6
2014-03-08 21:18:41 +0100,400,2.0,10.0,10.01,12.01,22.03,11.86,3.21,400,10.0,13.0,17.0,23.0,283.03,24.65,24.37,400,15.0,20.0,25.0,32.0,273.03,31.91,30.87,2.2
2014-03-08 21:48:36 +0100,400,10.0,10.0,10.04,10.11,29.0,10.91,3.07,400,10.0,13.0,19.0,25.0,143.02,24.98,21.32,400,15.0,21.0,25.0,32.0,166.02,33.24,29.23,3.4
2014-03-08 22:18:31 +0100,400,3.0,10.0,10.0,11.0,22.0,11.15,2.85,400,12.0,13.0,14.0,21.0,108.01,21.39,18.52,400,15.0,21.0,26.0,33.25,165.02,34.02,29.58,1.8
2014-03-08 22:48:48 +0100,400,7.0,10.0,10.0,10.0,23.0,11.07,2.77,400,10.0,13.0,16.0,22.0,124.01,22.15,20.28,400,15.0,19.0,25.0,31.0,193.02,31.51,27.76,1.4
2014-03-08 23:18:48 +0100,400,4.0,10.0,10.0,10.0,1270.13,23.09,125.3,400,9.0,13.0,14.0,21.0,120.01,22.28,21.82,400,15.0,19.0,24.0,28.0,161.02,31.03,27.97,2.0
2014-03-08 23:48:45 +0100,400,3.0,10.0,10.0,10.0,34.01,10.9,3.68,400,10.0,13.0,16.0,20.0,122.01,22.76,21.33,400,14.0,18.0,24.0,32.0,165.02,36.14,33.76,1.4
2014-03-09 00:48:34 +0100,400,2.0,10.0,10.0,10.0,21.0,10.92,2.52,400,12.0,13.0,14.0,20.0,113.01,19.22,14.6,400,15.0,17.0,23.0,27.0,185.02,32.92,34.22,1.6
2014-03-09 01:29:06 +0100,400,3.0,10.0,10.0,10.0,214.02,12.27,14.29,400,10.0,13.0,17.0,20.0,113.01,19.78,13.25,400,15.0,16.0,22.0,27.0,167.02,30.03,30.27,2.2
2014-03-09 01:48:52 +0100,400,2.0,10.0,10.0,11.0,32.0,10.96,3.13,400,10.0,13.0,15.5,20.0,105.01,19.7,13.85,400,15.0,16.0,20.0,24.0,167.02,24.84,21.19,1.4
2014-03-09 02:18:29 +0100,400,2.0,10.0,10.0,10.0,38.0,11.0,4.65,400,10.0,13.0,15.0,20.0,119.01,21.92,20.19,400,15.0,16.0,22.0,28.0,163.02,29.5,27.99,1.6
2014-03-09 02:48:42 +0100,400,2.0,10.0,10.01,10.02,28.15,11.0,3.11,400,10.0,13.0,14.0,19.0,120.01,21.29,19.86,400,14.0,16.0,21.0,26.0,156.01,28.27,26.07,1.2
2014-03-09 03:18:34 +0100,400,1.0,10.0,10.0,10.0,33.0,10.94,3.81,400,12.0,13.0,15.0,20.0,115.01,22.19,20.0,400,15.0,16.0,22.0,27.0,217.02,32.01,34.23,1.4
2014-03-09 03:48:27 +0100,400,3.0,10.0,10.0,10.0,221.02,14.15,22.62,400,10.0,13.0,14.0,20.0,105.01,18.8,13.55,400,14.0,16.0,21.0,27.0,160.02,29.11,27.49,1.2
2014-03-09 04:18:39 +0100,400,3.0,10.02,10.04,10.12,22.0,10.81,2.75,400,9.0,13.0,14.0,20.0,117.01,20.85,19.3,400,14.0,16.0,22.0,28.0,183.02,27.79,22.97,1.4
2014-03-09 04:48:32 +0100,400,3.0,10.0,10.0,10.0,40.0,11.16,4.23,400,10.02,13.01,13.07,19.04,113.05,21.61,20.23,400,15.0,16.0,22.0,28.0,159.02,31.53,29.85,1.4
2014-03-09 05:18:53 +0100,400,2.0,10.0,10.0,10.0,35.0,11.05,4.01,400,10.0,13.0,15.0,20.0,116.01,21.24,18.84,400,15.0,16.0,22.0,27.0,169.02,30.44,30.07,1.2
2014-03-09 05:48:43 +0100,400,2.0,10.0,10.01,11.0,32.08,10.9,3.59,400,9.0,13.0,14.0,20.0,118.01,18.98,13.54,400,15.0,16.0,22.0,27.0,321.03,30.01,31.28,1.2
2014-03-09 06:18:30 +0100,400,4.0,10.0,10.0,10.0,22.0,10.74,2.9,400,10.0,13.0,15.0,20.25,97.01,18.58,11.0,400,15.0,16.0,22.0,28.0,170.02,29.37,28.25,1.4
2014-03-09 06:48:43 +0100,400,7.01,10.01,10.02,10.06,27.43,11.03,2.75,400,9.0,13.0,14.0,20.0,109.01,20.99,17.96,400,14.0,16.0,22.0,26.0,167.02,27.35,25.23,1.4
2014-03-09 07:18:34 +0100,400,2.0,10.0,10.0,10.0,26.0,10.8,2.54,400,10.0,13.0,14.0,20.0,130.01,22.74,21.49,400,14.0,16.0,23.0,28.0,164.02,30.19,28.61,1.4
2014-03-09 07:48:47 +0100,400,2.0,10.0,10.0,10.0,31.01,10.68,3.22,400,10.0,13.0,18.0,19.0,109.01,19.79,13.19,400,14.0,16.0,23.0,32.0,241.02,33.15,31.94,1.4
2014-03-09 08:18:38 +0100,400,3.0,10.0,10.0,11.0,42.01,11.45,3.57,400,9.0,13.0,14.0,19.0,106.01,18.44,13.46,400,15.0,16.0,22.0,26.25,154.02,26.74,21.28,1.4
2014-03-09 08:48:29 +0100,400,3.0,10.0,10.0,10.0,100.01,11.96,8.43,400,12.0,13.0,14.0,20.0,111.01,21.11,18.5,400,15.0,16.0,22.0,27.0,155.01,26.7,19.73,1.6
2014-03-09 09:18:43 +0100,400,4.0,10.0,10.05,10.14,21.0,10.43,2.11,400,10.0,13.0,17.0,23.0,123.01,23.85,22.31,400,15.0,17.0,23.0,32.0,213.02,39.23,43.14,3.4
2014-03-09 09:48:35 +0100,400,2.0,10.0,10.0,10.0,120.01,11.5,9.21,400,12.0,13.03,15.01,20.12,138.38,23.02,22.79,400,15.0,18.0,25.0,36.0,171.02,35.49,32.07,1.4
2014-03-09 10:18:45 +0100,400,2.0,10.01,10.01,10.04,131.27,11.65,12.15,400,9.0,13.0,15.0,20.0,116.01,21.91,19.74,400,15.0,17.0,24.0,34.0,168.02,35.02,33.37,1.4
2014-03-09 10:48:38 +0100,400,2.0,10.0,10.0,11.0,32.0,11.15,3.3,400,10.0,13.0,15.0,21.0,116.09,22.83,21.51,400,14.0,18.0,24.0,30.0,180.02,32.75,30.38,1.4
2014-03-09 11:18:30 +0100,400,3.0,10.0,10.0,11.0,28.0,11.07,3.83,400,10.0,13.0,16.5,22.25,132.01,23.01,21.33,400,14.0,19.0,25.0,33.0,157.01,36.15,33.31,1.8
2014-03-09 11:48:42 +0100,400,7.0,10.0,10.09,11.0,250.03,12.33,17.04,400,10.0,13.0,16.0,22.0,126.01,23.34,20.86,400,15.0,18.0,24.0,31.0,210.02,35.51,37.4,1.4
2014-03-09 12:18:35 +0100,400,2.0,10.0,10.0,10.0,33.0,11.06,4.01,400,10.0,13.0,14.0,20.0,111.01,19.14,14.58,400,15.0,17.0,24.0,33.0,160.02,35.42,33.22,3.0
2014-03-09 12:48:30 +0100,400,3.0,10.0,10.0,10.0,25.0,10.93,2.95,400,10.0,13.0,16.0,22.0,268.03,26.18,32.52,400,15.0,17.0,24.0,30.25,183.02,32.21,31.18,1.6
2014-03-09 13:18:43 +0100,400,7.0,10.0,10.0,10.15,70.01,11.28,6.34,400,10.0,13.0,16.0,23.0,108.01,23.46,20.76,400,14.0,17.0,23.0,28.0,160.02,31.02,28.37,1.2
2014-03-09 13:48:34 +0100,400,4.0,10.0,10.0,11.0,29.0,11.52,3.56,400,11.0,13.0,15.0,24.0,224.02,23.84,23.85,400,15.0,17.75,24.0,32.0,158.02,33.35,31.06,1.6
2014-03-09 14:18:45 +0100,400,2.0,10.0,10.0,10.0,90.01,11.58,6.97,400,10.0,13.0,14.0,20.0,107.01,18.67,12.97,400,15.0,18.0,24.5,31.0,186.02,33.28,30.49,4.2
2014-03-09 14:48:38 +0100,400,2.0,10.0,10.0,10.0,76.01,11.23,4.72,400,10.0,13.01,14.01,21.01,108.65,22.54,21.59,400,15.0,17.0,23.0,29.25,179.02,32.57,32.4,1.8
2014-03-09 15:18:30 +0100,400,7.0,10.0,10.0,11.0,29.0,11.03,3.17,400,10.0,13.0,15.0,20.0,114.01,19.95,15.41,400,15.0,18.0,24.0,31.0,159.02,31.58,27.34,1.4
2014-03-09 15:48:41 +0100,400,7.0,10.0,10.0,10.0,28.0,10.77,2.74,400,9.0,13.0,15.0,21.0,158.02,22.76,21.89,400,15.0,18.0,24.0,30.0,180.02,29.92,23.84,1.6
2014-03-09 16:18:33 +0100,400,7.0,10.0,10.0,11.0,30.0,11.75,3.49,400,10.0,13.0,16.0,21.0,112.01,23.24,21.4,400,15.0,17.0,23.0,29.0,160.02,27.98,20.74,2.0
2014-03-09 16:48:47 +0100,400,2.0,10.0,10.0,10.0,200.02,11.65,13.13,400,9.0,13.0,16.0,22.0,116.01,22.59,20.6,400,15.0,18.0,24.0,35.0,281.03,38.35,38.51,1.4
2014-03-09 17:18:40 +0100,400,3.0,10.0,10.0,10.0,173.02,11.89,13.96,400,10.0,13.0,16.0,22.0,114.01,20.24,14.55,400,15.0,21.0,25.0,34.0,236.02,37.26,34.92,1.6
2014-03-09 17:48:33 +0100,400,4.0,10.0,10.0,10.0,32.0,11.06,3.29,400,9.0,13.0,16.5,23.0,137.01,23.17,21.1,400,14.0,19.0,25.0,35.0,212.02,35.21,33.58,5.0
2014-03-09 18:18:46 +0100,400,7.01,10.0,10.02,11.0,36.0,11.13,3.09,400,10.0,13.0,16.0,23.0,216.02,23.98,27.91,400,15.0,19.0,25.0,35.0,182.02,37.55,37.24,2.2
2014-03-09 18:48:40 +0100,400,4.0,10.0,10.0,10.0,170.02,11.39,8.97,400,10.0,13.0,14.0,21.0,117.01,23.37,22.58,400,15.0,22.0,27.0,36.0,180.02,36.95,32.08,2.0
2014-03-09 19:18:33 +0100,400,4.0,10.0,10.0,10.0,36.0,10.91,3.76,400,12.0,13.0,17.0,23.0,127.01,23.95,21.99,400,15.0,21.0,25.0,34.0,171.02,35.52,31.15,1.8
2014-03-09 19:48:47 +0100,400,5.0,10.0,10.07,11.0,31.0,11.21,3.21,400,12.0,13.0,16.0,23.0,120.01,23.68,22.15,400,14.0,19.0,25.0,39.0,169.02,40.33,38.59,2.6
2014-03-09 20:18:40 +0100,400,7.0,10.0,10.0,11.0,222.02,12.39,15.25,400,12.0,13.0,17.0,23.0,162.02,26.49,25.84,400,15.0,19.0,25.0,35.0,159.02,35.16,30.79,2.4
2014-03-09 20:48:36 +0100,400,3.0,10.0,10.0,10.0,39.0,11.34,4.69,400,12.0,13.0,16.0,23.0,146.38,23.7,22.26,400,15.0,21.0,26.5,39.0,195.02,39.38,34.44,1.6
2014-03-09 21:18:29 +0100,400,3.0,10.0,10.0,10.0,40.0,11.06,3.64,400,12.0,13.0,16.0,23.01,113.05,23.2,19.61,400,15.0,22.0,26.0,35.0,169.02,37.55,33.93,3.0
2014-03-09 21:48:29 +0100,400,8.0,10.0,10.0,10.0,27.0,11.08,3.2,400,11.0,13.0,18.0,25.01,123.09,25.71,23.9,400,15.0,21.0,25.0,34.0,249.03,38.19,37.62,1.6
2014-03-09 22:18:30 +0100,400,7.0,10.0,10.0,11.0,210.02,12.01,14.24,400,10.0,13.0,14.0,23.0,154.03,22.98,21.95,400,15.0,21.0,26.0,37.0,180.02,39.17,36.49,1.6
2014-03-09 22:48:39 +0100,400,4.0,10.0,10.0,11.0,260.03,14.02,26.55,400,9.0,13.0,14.5,20.0,118.01,21.7,19.64,400,15.0,19.0,24.0,33.0,168.02,32.8,27.32,1.6
2014-03-09 23:18:36 +0100,400,3.0,10.0,10.0,11.0,29.0,11.19,3.07,400,9.0,13.0,14.0,19.0,116.01,19.73,16.52,400,15.0,17.0,24.0,32.0,325.03,36.93,41.95,3.0
2014-03-09 23:48:28 +0100,400,8.0,10.0,10.0,10.0,27.0,10.92,2.55,400,9.01,13.02,18.52,22.02,253.05,26.08,30.43,400,15.0,16.0,22.0,29.0,171.02,33.38,35.61,1.6
2014-03-10 00:48:37 +0100,400,2.0,10.0,10.0,10.0,31.0,11.1,2.98,400,9.0,13.0,16.0,20.0,88.01,20.08,14.22,400,15.0,16.0,22.0,28.0,210.02,27.27,22.33,1.6
2014-03-10 01:26:46 +0100,400,7.0,10.0,10.0,11.0,22.0,10.79,2.22,400,9.0,13.0,14.0,20.0,199.32,20.29,19.79,400,15.0,16.0,23.0,30.0,172.02,33.98,32.91,1.6
2014-03-10 01:48:59 +0100,400,2.0,10.0,10.0,11.0,24.0,10.81,2.77,400,10.0,13.0,13.0,19.0,139.01,19.16,16.21,400,15.0,16.75,23.0,26.25,172.02,28.07,22.97,1.4
2014-03-10 02:18:35 +0100,400,2.0,10.0,10.0,10.0,33.0,10.75,3.82,400,9.0,13.0,14.0,19.25,125.01,21.92,20.11,400,15.0,16.0,21.0,27.0,171.02,29.26,27.71,1.6
2014-03-10 02:48:46 +0100,400,4.0,10.0,10.0,10.0,23.0,10.69,2.57,400,10.0,13.0,14.0,20.0,122.01,21.62,21.36,400,15.0,16.0,23.0,32.0,221.02,38.28,40.24,1.6
2014-03-10 03:18:34 +0100,400,2.0,10.0,10.0,10.0,40.0,11.08,4.37,400,12.0,13.0,14.0,20.0,120.02,21.17,19.19,400,15.0,17.0,23.0,30.0,248.03,33.11,31.8,1.4
2014-03-10 03:48:44 +0100,400,2.0,10.0,10.0,10.0,22.0,11.07,2.71,400,11.0,13.0,15.0,20.0,112.01,22.86,20.55,400,15.0,16.0,22.0,27.0,170.02,27.02,20.52,1.6
2014-03-10 04:18:37 +0100,400,2.0,10.0,10.0,10.0,30.0,10.69,2.57,400,9.0,13.0,14.0,20.0,115.01,22.69,21.84,400,14.0,16.0,22.0,27.0,220.02,33.65,35.73,1.4
2014-03-10 04:49:02 +0100,400,2.0,10.0,10.0,12.0,40.0,11.91,3.74,400,9.0,13.0,16.0,21.0,110.01,21.41,18.18,400,15.0,16.0,22.0,26.0,158.02,29.55,27.66,1.6
2014-03-10 05:18:42 +0100,400,2.0,10.0,10.0,11.0,23.0,10.87,2.4,400,10.0,13.0,14.0,20.0,117.01,20.99,19.19,400,15.0,16.0,22.0,28.0,181.02,31.85,31.06,1.4
2014-03-10 05:48:41 +0100,400,2.0,10.0,10.0,10.0,22.0,10.69,2.37,400,9.0,13.0,13.5,19.0,101.01,18.23,12.34,400,14.0,16.0,22.0,28.0,172.02,31.49,32.43,1.4
2014-03-10 06:18:39 +0100,400,7.0,10.0,10.0,10.0,29.0,10.86,2.6,400,10.0,13.0,16.0,20.0,180.02,23.72,22.55,400,15.0,16.0,23.0,28.0,168.02,33.81,33.24,1.6
2014-03-10 06:48:33 +0100,400,1.0,10.0,10.0,10.0,22.0,11.02,2.64,400,10.0,13.0,15.0,20.0,110.01,19.57,14.68,400,14.0,16.0,22.0,26.0,173.02,30.16,28.89,1.2
2014-03-10 07:18:43 +0100,400,7.0,10.0,10.0,12.0,171.02,12.8,15.55,400,10.0,13.0,14.0,19.0,109.01,18.64,13.23,400,15.0,17.0,23.0,33.0,213.02,36.17,35.42,2.2
2014-03-10 07:48:33 +0100,400,2.0,10.0,10.0,10.0,32.0,11.02,3.51,400,10.0,13.0,15.0,21.0,244.03,23.7,24.72,400,15.0,16.0,22.0,26.0,164.02,28.46,27.32,1.8
2014-03-10 08:18:40 +0100,400,1.0,10.0,10.0,10.0,28.0,10.4,2.64,400,11.0,13.0,14.0,20.0,107.01,21.28,19.33,400,15.0,16.0,23.0,28.0,162.02,33.12,32.07,1.4
2014-03-10 08:48:40 +0100,400,2.0,10.0,10.0,10.0,33.0,10.75,3.67,400,12.0,13.0,15.0,21.0,108.01,21.19,17.65,400,15.0,18.0,23.0,28.0,168.02,28.81,22.28,1.2
2014-03-10 08:58:40 +0100,400,7.0,10.0,10.0,10.0,106.01,11.25,7.01,400,9.0,13.0,14.0,19.0,97.01,18.02,11.38,400,15.0,18.0,23.0,29.0,164.02,30.54,27.31,1.5
2014-03-10 09:18:46 +0100,400,3.0,10.0,10.0,11.0,27.0,11.63,3.08,400,9.0,13.0,14.0,20.0,122.01,21.45,19.67,400,15.0,19.0,24.0,28.0,279.03,33.57,36.08,1.17
2014-03-10 09:30:38 +0100,400,4.0,10.0,10.0,11.0,28.0,10.96,2.64,400,12.0,13.0,14.0,20.0,115.01,22.0,20.28,400,15.0,21.0,25.0,33.25,199.02,38.15,37.04,1.67
2014-03-10 09:48:46 +0100,400,3.0,10.0,10.0,10.0,24.0,10.93,2.81,400,12.0,13.0,14.0,20.0,116.01,19.49,15.05,400,13.0,16.0,22.0,27.0,160.02,26.42,20.14,1.5
2014-03-10 10:18:44 +0100,400,1.0,10.0,10.0,10.0,28.0,10.67,3.5,400,8.0,13.0,14.0,19.35,103.01,18.66,13.16,400,14.0,15.0,21.0,25.0,161.02,25.03,20.85,3.17
2014-03-10 10:28:34 +0100,400,2.0,10.0,10.0,10.0,26.0,10.75,2.85,400,4.0,12.0,13.0,19.0,106.0,18.0,14.08,400,13.0,15.0,21.0,26.0,154.02,27.46,23.95,1.5
2014-03-10 10:48:29 +0100,400,2.0,10.0,10.0,10.0,23.0,10.79,2.6,400,9.99,12.99,13.99,19.96,104.01,18.7,13.1,400,7.0,16.0,21.0,25.0,155.02,25.29,21.7,1.67
2014-03-10 11:18:31 +0100,400,1.0,10.0,10.0,11.0,26.0,11.07,2.72,400,4.02,12.06,14.01,20.01,116.46,23.26,23.62,400,13.0,15.0,18.0,24.0,146.02,24.93,20.54,1.5
2014-03-10 11:48:43 +0100,400,1.0,10.0,10.0,10.0,24.0,10.93,2.84,400,9.0,13.0,13.0,19.0,109.01,18.15,14.11,400,7.0,15.0,20.0,26.0,153.02,26.12,21.56,1.33
2014-03-10 12:18:32 +0100,400,3.0,10.0,10.0,11.0,26.0,10.88,2.38,400,4.01,12.02,15.01,19.04,100.55,22.61,20.62,400,6.0,15.0,21.0,25.0,151.02,26.62,23.27,1.5
2014-03-10 12:48:47 +0100,400,10.0,10.0,10.0,10.0,22.0,10.82,2.55,400,9.0,12.0,13.0,20.0,123.0,18.45,14.1,400,8.0,15.0,20.0,24.0,155.0,24.58,21.84,1.33
2014-03-10 13:18:42 +0100,400,1.0,10.0,10.0,11.0,28.0,10.93,2.71,400,10.0,13.0,15.0,20.25,101.01,23.03,20.87,400,13.0,16.0,21.0,25.0,198.02,26.49,24.55,1.83
2014-03-10 13:48:37 +0100,400,1.0,10.0,10.0,10.0,24.0,10.81,2.58,400,9.0,13.0,13.0,19.0,115.01,18.93,15.22,400,7.0,16.0,21.0,25.0,176.02,27.48,26.96,1.5
2014-03-10 14:05:48 +0100,400,1.0,10.0,10.0,11.0,34.0,11.1,3.04,400,4.0,13.0,15.0,24.0,214.02,24.52,23.29,400,11.0,15.0,21.0,26.0,167.02,27.17,24.4,1.67
2014-03-10 14:18:42 +0100,400,3.0,10.0,10.0,10.0,32.0,10.84,3.59,400,5.0,13.0,15.0,21.0,114.01,20.05,14.97,400,13.0,16.0,22.0,26.25,177.02,26.72,22.44,1.5
2014-03-10 14:48:39 +0100,400,1.0,10.0,10.0,10.0,29.0,10.76,2.67,400,10.0,12.0,13.0,19.0,132.01,18.43,16.64,400,11.0,15.0,21.0,25.25,157.01,27.0,23.55,1.33
2014-03-10 15:18:37 +0100,400,1.0,10.0,10.0,11.0,32.0,10.99,2.79,400,4.0,13.0,14.0,20.0,112.0,18.41,13.03,400,7.0,15.0,20.0,24.0,153.02,24.02,19.13,2.5
2014-03-10 15:48:37 +0100,400,7.0,10.0,10.0,10.0,23.0,11.1,2.78,400,6.0,13.0,14.0,20.0,124.0,18.98,14.92,400,13.0,16.0,22.0,25.0,161.02,26.74,22.31,2.33
2014-03-10 16:18:37 +0100,400,1.0,10.0,10.0,10.0,34.0,10.79,3.46,400,8.0,13.0,14.0,20.0,115.0,18.63,13.6,400,14.0,15.0,21.0,26.0,173.02,29.62,31.7,1.67
2014-03-10 16:48:35 +0100,400,2.0,10.0,10.0,11.0,26.0,11.29,3.18,400,6.0,13.0,14.0,20.0,108.48,18.62,13.65,400,13.0,16.0,21.0,24.0,159.02,26.78,24.43,1.67
